title,artist,like_cnt,lyrics
나는 반딧불,황가람,"1,533","나는 내가 빛나는 별인 줄 알았어요
한 번도 의심한 적 없었죠
몰랐어요 난 내가 벌레라는 것을
그래도 괜찮아 난 눈부시니까
하늘에서 떨어진 별인 줄 알았어요
소원을 들어주는 작은 별
몰랐어요 난 내가 개똥벌레라는 것을
그래도 괜찮아 나는 빛날 테니까
나는 내가 빛나는 별인 줄 알았어요
한 번도 의심한 적 없었죠
몰랐어요 난 내가 벌레라는 것을
그래도 괜찮아 난 눈부시니까
한참 동안 찾았던 내 손톱
하늘로 올라가 초승달 돼 버렸지
주워 담을 수도 없게 너무 멀리 갔죠
누가 저기 걸어놨어 누가 저기 걸어놨어
우주에서 무주로 날아온
밤하늘의 별들이 반딧불이 돼 버렸지
내가 널 만난 것처럼 마치 약속한 것처럼
나는 다시 태어났지 나는 다시 태어났지
나는 내가 빛나는 별인 줄 알았어요
한 번도 의심한 적 없었죠
몰랐어요 난 내가 벌레라는 것을
그래도 괜찮아 난 눈부시니까
하늘에서 떨어진 별인 줄 알았어요
소원을 들어주는 작은 별
몰랐어요 난 내가 개똥벌레란 것을
그래도 괜찮아 나는 빛날 테니까"
number one girl,로제(ROSÉ),"1,357","Tell me that I’m special
Tell me I look pretty
Tell me I’m a little angel
Sweetheart of your city
Say what I’m dying to hear
Cause I’m dying to hear you

Tell me I’m that new thing
Tell me that I’m relevant
Tell me that I got a big heart
Then back it up with evidence
I need it and I don’t know why
This late at night

Isn’t it lonely
I’d do anything to make you want me
I’d give it all up if you told me
That I’d be
The number one girl in your eyes
Your one and only
So what’s it gon’ take for you to want me
I’d give it all up if you told me
That I’d be
The number one girl in your eyes

Tell me I’m going real big places
Down to earth so friendly
And even through all the phases
Tell me you accept me
Well that’s all I’m dying to hear
Yeah I’m dying to hear you

Tell me that you need me
Tell me that I’m loved
Tell me that I’m worth it
And that I’m enough
I need it and I don’t know why
This late at night

Isn’t it lonely
I’d do anything to make you want me
I’d give it all up if you told me
That I’d be
The number one girl in your eyes

Your one and only
So what’s it gon’ take for you to want me
I’d give it all up if you told me
That I’d be
The number one girl in your eyes

The girl in your eyes
The girl in your eyes
Tell me I’m the number one girl
I’m the number one girl in your eyes
The girl in your eyes
The girl in your eyes
Tell me I’m the number one girl
I’m the number one girl in your eyes

Well isn’t it lonely
I’d do anything to make you want me
I’d give it all up if you told me
That I’d be
The number one girl in your eyes

Your one and only
So what’s it gon’ take for you to want me
I’d give it all up if you told me
That I’d be
The number one girl in your eyes
The number one girl in your eyes"
내게 사랑이 뭐냐고 물어본다면,로이킴,"1,013","뜨겁게 사랑했던
계절을 지나
처음과는 조금은 달라진
우리 모습을
걱정 하진 말아요

아침에 떠오르는
햇살을 보며
사랑을 약속했던
우리의 마음은
영원한 거라

저물어 가는 노을도
그리고 찾아올 밤하늘도
우리 함께한 시간 만큼
아름다울 거예요

내게 사랑이 뭐냐고 물어본다면
처음의 설렘보다
이 익숙함을
소중해 할 수 있는 것

때론 맘 같지 않아도
포기하지 않고
서로를 바라보며
솔직해지고
이해할 수 있는 것

그게 사랑일 거야
내가 아는 사랑인 거야

바다가 지겨워지고
숲이 푸르르지 않다고
그 아름다움을 잊는다면
사랑이 아닐 거예요

내게 사랑이 뭐냐고 물어본다면
처음의 설렘보다
이 익숙함을
소중해 할 수 있는 것

때론 맘 같지 않아도
포기하지 않고
서로를 바라보며
솔직해지고
이해할 수 있는 것

내가 보고 느끼고
듣는 모든 것엔
그대가 물들어 있어서
없이는 나 살 수 없어서

너가 노래가 된다면
나만 알고 싶고
그 어떤 가사보다
아껴 부르며
간직하고 싶은 것

그게 사랑일 거야
내가 하는 사랑인 거야

그래 그게 바로 사랑일 거야"
Love wins all,아이유(IU),"4,639","Dearest, Darling, My universe
날 데려가 줄래?
나의 이 가난한 상상력으론
떠올릴 수 없는 곳으로

저기 멀리 from Earth to Mars
꼭 같이 가줄래?
그곳이 어디든, 오랜 외로움
그 반대말을 찾아서 

어떤 실수로 
이토록 우리는 
함께일까

세상에게서 도망쳐 Run on
나와 저 끝까지 가줘 My lover
나쁜 결말일까 길 잃은 우리 둘 um

부서지도록 나를 꼭 안아
더 사랑히 내게 입 맞춰 Lover
Love is all Love is all
Love Love Love Love

결국, 그럼에도,
어째서 우리는
서로일까

세상에게서 도망쳐 Run on
나와 저 끝까지 가줘 My lover
나쁜 결말일까 길 잃은 우리 둘 um

찬찬히 너를 두 눈에 담아
한 번 더 편안히 웃어주렴

유영하듯 떠오른
그날 그 밤처럼,
나와 함께 겁 없이
저물어줄래? 

산산히 나를 더 망쳐 Ruiner
너와 슬퍼지고 싶어 My lover

필연에게서 도망쳐 Run on
나와 저 끝까지 가줘 My lover
일부러 나란히 길 잃은 우리 두 사람
	
부서지도록 나를 꼭 안아
더 사랑히 내게 입 맞춰 Lover
Our Love wins all Love wins all
Love Love Love Love"
첫 눈,EXO,"10,659","첫눈 오는 이런 오후에
너에게 전화를 걸 수만
있다면 기쁠텐데
벌써 일년이 지났는데
난 아직 미련 가득해서
""쓸쓸해"" 어느새 혼잣말
(시계를 되돌려)
1년 전으로 갈 수 있다면
(마음을 되돌려)
지금 우린 달라졌을까
yeah 바보 같은 소리지,
그래도 만약
너를 만나면 눈물 차 올라
바보 같은 난 아무 말 못해
말해줘 메리 메리 크리스마스,
안녕 잘 지내는거지
눈이 내리면 멍든 가슴이
모두 하얗게 다 덮여지게 될까
미안해 잘해주지 못해
후회만 가득 가득 했던,
그 크리스마스
불빛 가득한 거리거리
혼자 걸었어
다들 행복해 보여
너는 언제나 공기처럼
있어줄 거란 착각에,
멍청히 보내,
내가 너무 미안해
(너무 흔한 얘기)
지나고 나면 너무 소중해
(항상 지나치지)
왜 그때는 모르는 걸까
지금은 다를 거야
말해주고파
너를 만나면 눈물 차 올라
바보 같은 난 아무 말 못해
말해줘 메리 메리 크리스마스,
안녕 잘 지내는거지
눈이 내리면 멍든 가슴이
모두 하얗게 다 덮여지게 될까
눈물인지 눈 때문인지
점점 너 멀리 멀리 보이던,
그 크리스마스
정말 신기한 일이야 너의
생각만으로 눈물 차 흐르니말야
Tears are falling, falling, falling
다시 너에게로 가고 싶어
무슨 일이든 할 수 있어
지금까지 삶이
모두 사라진다 해도 Girl
너를 만나면 눈물 차 올라
바보 같은 난 아무 말 못해
말해줘 메리 메리 크리스마스,
안녕 잘 지내는거지
Baby girl ooh- yeah-
눈이 내리면 멍든 가슴이
모두 하얗게 다 덮여지게 될까
미안해 잘해주지 못해
후회만 가득 가득 했던,
너를 만나면 눈물 차 올라
(눈물 차 올라)
바보 같은 난 아무 말 못해
(아무 말 못하는 나 인걸)
말해줘 메리 메리 크리스마스,
잘 지내는거지
눈이 내리면 멍든 가슴이
모두 하얗게 다 덮여지게 될까
눈물인지 눈 때문인지
점점 너 멀리 멀리 보이던,
그 크리스마스"
천상연,이창섭,"2,137","아니길 바랬었어
꿈이길 기도했지
너 없는 가슴으로 살아가야 하는 건
내게는 너무 힘겨운걸
그렇게 사랑했던
너무도 소중했던
지난날이 서러워 자꾸 눈물이 흘러
내 삶은 너뿐인데
사랑해 널 잊을 순 없을 거야
미안해 너를 지키지 못한 것을
너의 행복한 모습 나 보기를 원해
부디 새롭게 시작하길 바래
하늘이 우리를 갈라 놓지만
눈물로 너를 보내려고 하지만
너를 얼마나 내가 사랑했는 줄 아니
영원히 너를 지켜보며 살 거야
행복하길 바래
그렇게 사랑했던
너무도 소중했던
지난날이 서러워 자꾸 눈물이 흘러
내 삶은 너뿐인데
사랑해 널 잊을 순 없을 거야
미안해 너를 지키지 못한 것을
너의 행복한 모습 나 보기를 원해
부디 새롭게 시작하길 바래
하늘이 우리를 갈라 놓지만
눈물로 너를 보내려고 하지만
너를 얼마나 내가 사랑했는 줄 아니
영원히 너를 지켜보며 살 거야
행복하길 바래
널 사랑해
미안해 너를 지키지 못한 것을
너의 행복한 모습 나 보기를 원해
부디 새롭게 시작하길 바래
행복하길 바래"
"어떻게 이별까지 사랑하겠어, 널 사랑하는 거지",AKMU(악뮤),"22,390","일부러 몇 발자국 물러나
내가 없이 혼자 걷는 널 바라본다
옆자리 허전한 너의 풍경
흑백 거리 가운데 넌 뒤돌아본다
그때 알게 되었어
난 널 떠날 수 없단 걸
우리 사이에 그 어떤 힘든 일도
이별보단 버틸 수 있는 것들이었죠
어떻게 이별까지 사랑하겠어
널 사랑하는 거지
사랑이라는 이유로 서로를 포기하고
찢어질 것같이 아파할 수 없어 난
두세 번 더 길을 돌아갈까
적막 짙은 도로 위에 걸음을 포갠다
아무 말 없는 대화 나누며
주마등이 길을 비춘 먼 곳을 본다
그때 알게 되었어
난 더 갈 수 없단 걸
한 발 한 발 이별에 가까워질수록
너와 맞잡은 손이 사라지는 것 같죠
어떻게 이별까지 사랑하겠어
널 사랑하는 거지
사랑이라는 이유로 서로를 포기하고
찢어질 것같이 아파할 수 없어 난
어떻게 내가 어떻게 너를
이후에 우리 바다처럼 깊은 사랑이
다 마를 때까지 기다리는 게 이별일 텐데
어떻게 내가 어떻게 너를
이후에 우리 바다처럼 깊은 사랑이
다 마를 때까지 기다리는 게 이별일 텐데"
슬픈 초대장,순순희 (지환),873,"내 야윈 손위로 온 초대장 위에
널 데려간다는 그와 네 이름
오래전 헤어지던 날
자꾸 내 눈앞에 스쳐
혼자서도 난 서글픈데

수화기 너머로 젖은 네 목소리
그때 왜 날 보내줬냐고
첨부터 널 사랑했다면
마지막까지 붙잡아야 했다고

그 많은 사연들 다 버려둔 채로
날 떠난 너였잖아
지금 그를 사랑한다면서

왜 이제 와서 또 바보처럼 흔들려
누굴 위해 돌아봐
아픈 가슴 추억으로 달래며
네 행복을 믿었는데

차라리 날 다 지워버려
넌 그를 택한 세상에 후회하지 않도록 
남들처럼 나도 멀리서 나마
축하하고 싶으니

다 기억할 만큼 모질지 못한 너
날 두 번 울리잖아
되돌리긴 너무 늦었는데

왜 이제 와서 또 바보처럼 흔들려
누굴 위해 돌아봐
아픈 가슴 추억으로 달래며
네 행복을 믿었는데

차라리 날 다 지워버려
넌 그를 택한 세상에 후회하지 않도록
남들처럼 나도 멀리서 나마
축하하고 싶으니

부디 가서 영원해 줘"
그대만 있다면 (여름날 우리 X 너드커넥션 (Nerd Connection)),"너드커넥션(Nerd Connection)
											CONNECT 아티스트","3,440","날 사랑해서 떠난다며
눈물짓던 그대의 말을 믿을 수 없죠
하지만 나의 전부였던
그대가 힘들어하기에 잡을 수 없었죠
온통 너와의 기억뿐인
나를 위해서였다면
조금씩 무너져가는 날
날 위한다면
이대로 내 곁에 있어야 해요
나를 떠나면 안 돼요
세상의 모든 걸 잃어도 괜찮아요
그대만 있다면 그대만 있다면
함께 웃던 시간들을
함께했던 약속들을
지금 또 영원히 기억하겠어요
다시 한번 생각해요
무엇이 날 위한 건지
그대는 알고 있어요
영원히 내 곁을 지켜주세요
나를 떠나지 말아요
세상의 모든 걸 잃어도 난 좋아요
그대만 있다면 그대만 있다면
온통 그대의 생각뿐인
나를 위해서였다면
초라하게 쓰러지는 날
날 위한다면
이대로 내 곁에 있어야 해요
나를 떠나면 안 돼요
세상의 모든 걸 잃어도 괜찮아요
그대만 있다면 그대만 있다면
영원히 내 곁을 지켜주세요
나를 떠나지 말아요
세상의 모든 걸 잃어도 난 좋아요
그대만 있다면 그대만 있다면"
너의 모든 순간,성시경,"11,812","이윽고 내가 한눈에 너를 알아봤을 때
모든 건 분명 달라지고 있었어 
내 세상은 널 알기 전과 후로 나뉘어

니가 숨 쉬면 따스한 바람이 불어와
니가 웃으면 눈부신 햇살이 비춰

거기 있어줘서 그게 너라서
가끔 내 어깨에 가만히 기대주어서
나는 있잖아 정말 빈틈없이 행복해
너를 따라서 시간은 흐르고 멈춰

물끄러미 너를 들여다보곤 해
그것 말고는 아무것도 할 수 없어서
너의 모든 순간 그게 나였으면 좋겠다
생각만 해도 가슴이 차올라 나는 온통 너로

보고 있으면 왠지 꿈처럼 아득한 것
몇 광년 동안 날 향해 날아온 별빛 또 지금의 너

거기 있어줘서 그게 너라서
가끔 나에게 조용하게 안겨주어서
나는 있잖아 정말 남김없이 고마워
너를 따라서 시간은 흐르고 멈춰

물끄러미 너를 들여다보곤 해
너를 보는 게 나에게는 사랑이니까
너의 모든 순간 그게 나였으면 좋겠다
생각만 해도 가슴이 차올라 나는 온통 너로
니 모든 순간 나였으면"
"모든 날, 모든 순간 (Every day, Every Moment)","폴킴(Paul Kim)
											CONNECT 아티스트","28,965","네가 없이 웃을 수 있을까
생각만 해도 눈물이나
힘든 시간 날 지켜준 사람
이제는 내가 그댈 지킬 테니

너의 품은 항상 따뜻했어
고단했던 나의 하루에 유일한 휴식처 

나는 너 하나로 충분해
긴 말 안 해도 눈빛으로 다 아니깐
한 송이의 꽃이 피고 지는
모든 날 모든 순간 함께해

햇살처럼 빛나고 있었지
나를 보는 네 눈빛은
꿈이라고 해도 좋을 만큼
그 모든 순간은 눈부셨다

불안했던 나의 고된 삶에
한줄기 빛처럼 다가와 날 웃게 해준 너 

나는 너 하나로 충분해
긴 말 안 해도 눈빛으로 다 아니깐
한 송이의 꽃이 피고 지는
모든 날 모든 순간 함께해

알 수 없는 미래지만
네 품속에 있는 지금 순간 순간이
영원 했으면 해 

갈게 바람이 좋은 날에
햇살 눈부신 어떤 날에 너에게로
처음 내게 왔던 그날처럼
모든 날 모든 순간 함께해"
비의 랩소디,임재현,"2,101","이젠 눈물 그쳐 나를 봐요
우는 그대 더 아름다워
내게 이 모습조차 더 남지 않도록
그냥 고개 돌려요
그저 미안한 마음뿐이죠
그댈 위해 해줄 게 없어
모두 이해할게요 그댈 아끼는 맘
그분들도 같을 거란 걸
한참 동안을 비틀거렸죠
그댈 사랑했던 그만큼
떠나가요 아주 먼 곳으로
그대 소식 내게 올 수 없을 그만큼
다 잊어요 내겐 마지막이 될
사람도 모두 다 버려두고 갈게요
나를 위해 많이 애썼단 걸
알고 있죠 난 감사해요
허나 이룰 수 없는 건 어쩔 수 없죠
내가 용기 낼게요 이젠
죽는 날까지 사랑한대도
가질 수 없는 그대인걸
떠나가요 아주 먼 곳으로
그대 소식 내게 올 수 없을 그만큼
다 잊어요 내겐 마지막이 될
사람도 모두 다 버려두고 갈게요
떠나가요 아주 먼 곳으로
그대 소식 내게 올 수 없을 그만큼
혹시라도 내가 그리울 때면
세상에 내가 없다고 믿어요"
인사,"범진
											CONNECT 아티스트","3,048","돌아서는 너를 보며
난 아무 말도 할 수 없었고
슬퍼하기엔 짧았던
나의 해는 저물어 갔네
지나치는 모진 기억이
바람 따라 흩어질 때면
아무 일도 없듯이 보내주려 해
아픈 맘이 남지 않도록
안녕 멀어지는 나의 하루야
빛나지 못한 나의 별들아
차마 아껴왔던 말 이제서야
잘 지내 인사를 보낼 게
떠나가는 너를 보며
난 아무 말도 할 수 없었고
슬퍼하기엔 짧았던
나의 해는 저물어 갔네
돌이킬 순 없는 추억이
바람 따라 흩어질 때면
아무 일도 없듯이 보내주려 해
아픈 맘이 남지 않도록
안녕 멀어지는 나의 하루야
빛나지 못한 나의 별들아
차마 아껴왔던 말 이제서야
잘 지내 인사를 보낼 게
잘 지내 인사를 보낼 게"
헤어지자 말해요,박재정,"4,626","헤어지자고 말하려 오늘
너에게 가다가 우리 추억 생각해 봤어
처음 본 네 얼굴
마주친 눈동자
가까스로 본 너의 그 미소들
손을 잡고 늘 걷던 거리에
첫눈을 보다가 문득 고백했던 그 순간
가보고 싶었던 식당
난생처음 준비한 선물
고맙다는 너의 그 눈물들이
바뀔까 봐 두려워
그대 먼저 헤어지자 말해요
나는 사실 그대에게 좋은 사람이 아녜요
그대 이제 날 떠난다 말해요
잠시라도 이 행복을 느껴서 고마웠다고
시간이 지나고 나면 나는
어쩔 수 없을 걸 문득 너의 사진 보겠지
새로 사귄 친구 함께
웃음 띤 네 얼굴 보면
말할 수 없을 묘한 감정들이
힘들단 걸 알지만
그대 먼저 헤어지자 말해요
나는 사실 그대에게 좋은 사람이 아녜요
그대 이제 날 떠난다 말해요
잠시라도 이 행복을 느껴서 고마웠다고
한 번은 널 볼 수 있을까
이기적인 거 나도 잘 알아
그땐 그럴 수밖에 없던
어린 내게 한 번만 더 기회를 주길
그댈 정말 사랑했다 말해요
나는 사실 그대에게 좋은 사람이 되고 싶었어
영영 다신 못 본다 해도
그댈 위한 이 노래가 당신을 영원히 사랑할 테니"
미안해 미워해 사랑해,Crush,"1,926","It's the same day
이렇게 너를
다시 불러보는
잊고 있던 마음들과
이제야 내미는
나의 미련한 진심들
늦어서 미안해
I wish I could  have told you that
I was born to love you
To love you with all my heart
널 향한 심장이 멈춰지지가 않아
Still want you all the time
아직 내 마음속 한켠의 방에
그리움으로 가득 채워
너를 기다려
Need you all the time
아무 말도 전하지 못해
시간속을 헤메이는
나를 미워해
It's the same night
흐릿한 어느 밤 안개 속에 너를
불러보곤 해 난 또
시간 저편에 빛나던
기억을 떠올려
두 손 꼭 잡았던
I wish I could have told you that
I was made to love you
To love you with all my heart
망설이다 혼자 삼켰던 말 사랑해
Still want you all the time
아직 내 마음속 한켠의 방에
그리움으로 가득 채워
너를 기다려
Need you all the time
미친 듯이 네게 달려가
두 팔 가득 너를 품고
And I want you to know you're the only reason
that I still breathe that I still live
And to tell you
사랑했던 나의 진심이
사랑받던 모든 기억이
내 모든 이유
유일한 이유
Hmmm"
stay a little longer,로제(ROSÉ),350,"Stay a little longer
Take a little longer
To pack up your bags 
You're moving too fast 
Make me want to hate you 
So I don't have to miss you 
Oh make a mistake 
So someone's to blame 

I can't stand these four walls 
without you inside them 
Build us a castle, then leave me in silence
What if I tangled some rope 'round your feet
Into the ocean, cause I'm in too deep 

Please won't you stay, stay a little longer babe 
Don't walk away, when I'm here calling your name 
I'm fragile
I'm speechless
Don't leave me in pieces
Already having enough trouble breathing
Please won't you stay, stay a little longer babe 

Walk a little slower 
Stand a little closer
So I can convince you 
The minute I kiss you 
Speak a little softer
So I don't have to answer 
And make it okay 
Before you can say 

I can't stand these four walls 
without you inside them 
Build us a castle, then leave me in silence
What if I tangled some rope 'round your feet
Into the ocean, cause I'm in too deep 

Please won't you stay, stay a little longer babe 
I'll be okay, you say it's written all over my face
I'm fragile
I'm speechless
Don't leave me in pieces
Already having enough trouble breathing 

Please won't you stay, stay a little longer babe, oh 
Babe 

Stay a little longer
Take a little longer
To pack up your bags 
You're moving too fast 
Make me wanna hate you 
So I don't have to miss you
Oh make a mistake 
So someone's to blame 

Please won't you stay, stay a little longer babe 
I'll be okay, you say it's written all over my face 
I'm fragile
I'm speechless
Don't leave me in pieces
Already having enough trouble breathing
Please won't you stay, stay a little longer babe"
청혼하지 않을 이유를 못 찾았어,이무진,"1,074","너에게 안 믿길 만큼 받은 게 참 많아요
우선은 너 하나, 그리고 우리란 말
사실 더할 나위 없이 그거면 됐지요
우리만의 기억 과분한 선물이지요

너로 인해 난 놀랍게도 변한 게 참 많아요
맘속엔 너와 날 가득히 채운 바다
잡은 두 손 사이로 붉은 실이 보이죠
어쩌면 정해져 있었던 걸지도

근데 있잖아 자연스런 고백이 난 제일 어려워
내 맘을 멋있게 전하고 싶어 고민했어
수많은 바람 끝에 너에게 할 말을 정했어
가장 솔직하고 감동적인 말

너에게 청혼하지 않을 이유를 못 찾았어
내 일상, 내 모든 하루는 너라서
그댄 오늘도 정말 예쁘네요
빛나줘 곁에서 부디 영원토록

수백 번 연습하며 오늘을 기다려왔어
어쩌면 어설픈 말들일지라도
그댈 내일 더 사랑할 거란 것
그게 내가 청혼할 이유
그 이유의 이유

마침내 전한 내 고백 조금은 수줍어도
굳게 잡은 두 손 놓지 않기로 약속
마지막까지도 꼭 함께하기로
그 마지막의 마지막의 마지막까지도

너에게 청혼하지 않을 이유를 못 찾았어
내 일상, 내 모든 하루는 너라서
그댄 오늘도 정말 예쁘네요
빛나줘 곁에서 부디 영원토록

수백 번 연습하며 오늘을 기다려왔어
어쩌면 어설픈 말들일지라도
그댈 내일 더 사랑할 거란 것
그게 내가 청혼할 이유
그 이유의 이유

많은 사람들 중에
그 많은 순간들 중에
만난 우리
우연과 얽힌 운명들 중에
가장 찬란한 순애
그 서막 끝의 무대

너에게 청혼하지 않을 이유를 못 찾은 것
기억 속 찬란함이 온통 너란 것
그댄 오늘도 정말 예쁘단 것
전부야 너무나 당연한 이유가

난 이제 준비해 둔 모든 말을 꺼내 뒀어
항상 내 맘 한켠 담아뒀던 프러포즈
그댄 내일도 아름다울 거란 것
그게 내가 청혼한 이유
그저 너란 이유"
그걸 사랑이라고 말하지마,다비치,256,"널 너무 사랑했던 그때의 난 없을까 
네가 뭘 하던 그냥 마냥 기뻤던 그날 

계속 널 쳐다보면 네가 웃어줄까 봐 
계속 설렜었던 나 아무 걱정 없던 난 

내가 안쓰러워서 아무리 애원해 봐도 
아무리 사랑해 봐도 난 다시 제자리에 또

그걸 사랑이라고 말하지 마 
그 정돈 누구나 다 하니까 
사랑이라는 그 단어에 숨어 
날 괴롭히고 있었잖아 

그걸 아픔이라고 말하지 마 
넌 늘 아무렇지 않았잖아 
왜 이제야 슬픈 척 아까운 척 

널 너무 사랑해서 내 사랑이 더 커도 
괜찮을 줄 알았어 다 버틸 줄 알았어 

그것도 사랑인 줄 알았어 
그것도 아름다워 보여서 
온도가 좀 달라도 괜찮을 줄 알았어

그걸 사랑이라고 말하지 마 
그 정돈 누구나 다 하니까 
사랑이라는 그 단어에 숨어 
날 괴롭히고 있었잖아 

그걸 아픔이라고 말하지 마 
넌 늘 아무렇지 않았잖아 
왜 이제야 슬픈 척 아까운 척 

죽도록 사랑해서 
미치도록 사랑해서 
나만 널 좋아했어서 
나만 널 사랑했었어 

죽도록 아파봐서 
미련 따윈 이젠 없어 
그걸 사랑이라고 말하지 마"
아직 거기 살아,DAY6 (데이식스),"1,121","아직도
난 아직까지도
우리의 미래를 놓지 못했어
같이 늙어가자는
희망찼던 말은
네 미소와 사라졌어

무슨 말을 꺼낼까 
어떻게 널 잡을까 
수많은 고민 끝에 

널 사랑해 
변함없이
난 여전해
너와 달리
잘할 수 있어 난 
더 할 수 있어 난 
잠시만 
제발 
제발 가지 말아 줘 
제발
제발 날 사랑해 줘

무슨 말이 통할까 
가능하긴 한 걸까 
막막한 고민 끝에 

널 사랑해 
변함없이
난 여전해
너와 달리
잘할 수 있어 난 
더 할 수 있어 난 
잠시만 
제발 
제발 가지 말아 줘 
제발
제발 날 사랑해 줘

너와 걷던 거리 
너와 치던 장난 
속삭이던 사랑 
아직 거기 살아 

너와 쓰던 말투 
너와 짓던 표정 
넘쳐났던 사랑 
아직 거기 살아

외로워진 거리 
재미없는 장난 
희미해진 사랑 
나는 여기 살아"
사랑은 늘 도망가,임영웅,"13,860","눈물이 난다 이 길을 걸으면
그 사람 손길이 자꾸 생각이 난다
붙잡지 못하고 가슴만 떨었지
내 아름답던 사람아
사랑이란 게 참 쓰린 거더라
잡으려 할수록 더 멀어지더라
이별이란 게 참 쉬운 거더라
내 잊지 못할 사람아
사랑아 왜 도망가
수줍은 아이처럼
행여 놓아버릴까 봐
꼭 움켜쥐지만
그리움이 쫓아 사랑은 늘 도망가
잠시 쉬어가면 좋을 텐데
바람이 분다 옷깃을 세워도
차가운 이별의 눈물이 차올라
잊지 못해서 가슴에 사무친
내 소중했던 사람아
사랑아 왜 도망가
수줍은 아이처럼
행여 놓아버릴까 봐
꼭 움켜쥐지만
그리움이 쫓아 사랑은 늘 도망가
잠시 쉬어가면 좋을 텐데
기다림도 애태움도 다 버려야 하는데
무얼 찾아 이 길을 서성일까
무얼 찾아 여기 있나
사랑아 왜 도망가
수줍은 아이처럼
행여 놓아버릴까 봐
꼭 움켜쥐지만
그리움이 쫓아 사랑은 늘 도망가
잠시 쉬어가면 좋을 텐데
잠시 쉬어가면 좋을 텐데"
사랑을 억지로 할 수 없잖아,"황치열
											CONNECT 아티스트",125,"그래 여기까지 하자
우린 더 지치기만 할 거야
나를 사랑하지도 바라보지도 않는 
너를 붙잡고 있고 싶지 않아

아주 충분히 넌 사랑해서 괜찮은가 봐
지울 추억이 많아 아프겠지만      
견뎌볼 거야

사랑을 억지로 할 순 없잖아
충분하게 사랑한 네 마음을 너무 잘 알아
내 욕심 때문에 널 붙잡고 있는다 해도
서로 힘들 거야
붙잡지 않을게 헤어지자

너는 금방 날 잊겠지?
한참 난 그리워할 거야
사실 당장 다가올 이별할 걱정보다
마지막 너를 담기에 난 바빠

전부 없던 일처럼 전부 버리지 못해
한동안 아파하고 그리워하고 
힘들 걸 알아

사랑을 억지로 할 순 없잖아
충분하게 사랑한 네 마음을 너무 잘 알아
내 욕심 때문에 널 붙잡고 있는다 해도
서로 힘들 거야
붙잡지 않을게 헤어지자

솔직히 아직도 너무 힘든 건
아쉬움 없는 너의 그 표정을 보는 것

사랑을 억지로 할 순 없잖아
억지로 사랑한다고 해도
예전처럼 날 보는 네 눈빛을 
볼 수 있을까
내 욕심 때문에 널 붙잡고 있는다 해도
이미 끝나버린 많이 변해버린 너잖아"
call it the end,로제(ROSÉ),163,"We're at a crossroad
And we don't know which way to go 
Part of me lost hope
And part of me just can't let go 

We said we'd cross those bridges when they came 
Now it's time to give it a name
Yeah we're at a crossroad 

So baby let me know 

Do I call you my ex
Or do I call you my boyfriend
Call you a lover, do I call you a friend 
Call you the one or the one that got away 
Someone I'll just have to forget
Do I call you every night you're gone
Or never call you again
Do we have a future
Or should I call it the end 

We were a moment
And you were my only true oasis 
Now all those oceans
Are falling down our faces
So if we don't see it through
I'm a better me because of you 
Yeah we're at a crossroad 

So baby let me know 

Do I call you my ex
Or do I call you my boyfriend
Call you a lover, do I call you a friend 
Call you the one or the one that got away 
Someone I'll just have to forget
Do I call you every night you're gone
Or never call you again
Do we have a future
Or should I call it the end
Should I call it the end 
Are we lovers or friends 
Cause it's as good as it gets 
Should I call it the end"
HERO (From the Film “소방관”),"박효신
											CONNECT 아티스트",334,"어젯밤에 꾸었던 꿈에
나는 너의 노래가 되어
작은 숨소리 그 위를 걷는
가장 예쁜 소리로 사랑을 말했네

빛이 드는 창가에 걸린
바래져 간 그림 속에 난
망토를 입고 하늘을 나는
너의 영웅이 되어 남겨져 있네

영원히
시들지 않을 꽃이 되어
바람이 불면
너의 곁에 흩날리리

햇살 아래 나란히 걷던
우리 집 앞 그 모든 길목에
뒤돌아보면 손을 흔들며
매일로 가는 너를 바라보겠네

영원히
시들지 않을 꽃이 되어
바람이 불면
너의 곁에 흩날리리

햇살 아래 나란히 걷던
우리 집 앞 그 모든 길목에
뒤돌아보면 손을 흔들며
매일로 가는 너를 바라보겠네

I want to be your HERO
I want to be your HERO
I want to be your HERO"
살기 위해서,순순희,336,"원합니다 내가 살기 위해서
내가 이렇게도 가슴이 뛰는 건
그대가 내 마음에 다녀 갔었나 봐
우리 사랑은 또 스쳐가지만
세상에서 가장 그리운 사람
내가 어느새 그대 이름을 불러
원합니다 내가 살기 위해서
그 사랑이 아파도 기다릴게 여기서
사랑이란 멀리 있어도 언젠간 만날 테니까
네가 없으면 죽을 것 같아서 살기 위해서
왜 이유 없이 눈물이 났는지
그렇게 가슴 아파야 했는지
지금 달려가 꼭 말해주고 싶어
원합니다 내가 살기 위해서
그 사랑이 아파도 기다릴게 여기서
사랑이란 멀리 있어도 언젠간 만날 테니까
네가 없으면 죽을 것 같아서 널 사랑해서
두 번 다신 못 보게 될까 봐
연기처럼 네가 사라질까 봐
난 두려워
원합니다 내가 살기 위해서
날 살게 해준 사람 바로 그대입니다
눈물마저 고맙습니다 그대가 준 것이니까
그리움 조차 나는 행복해서
살기 위해서 널 사랑해"
오래된 노래,허각,"1,134","오래전에 함께 듣던 노래가
발걸음을 다시 멈춰 서게 해
이 거리에서 너를 느낄 수 있어
널 이곳에서 꼭 다시 만날 것 같아

너일까 봐 한 번 더 바라보고
너일까 봐 자꾸 돌아보게 돼
어디선가 같은 노래를 듣고
날 생각하며 너 역시 멈춰있을까

오래전에 함께 듣던 노래가
거리에서 내게 우연히 들려온 것처럼
살아가다 한 번쯤 우연히 만날 것 같아
사랑했던 그 모습 그대로

내 사랑이 그대로인 것처럼
발걸음이 여길 찾는 것처럼
꼭 만날 거야 지금 이 노래처럼
날 사랑하는 네 맘도 같을 테니까

오래전에 함께 듣던 노래가
거리에서 내게 우연히 들려온 것처럼
살아가다 한 번쯤 우연히 만날 것 같아
사랑했던 그 모습 그대로

운명처럼 아니면 우연처럼
우리가 다시 예전처럼 만날 수 있다면
너에게 나 해주고 싶은 말이 하나 있어
널 다시는 놓치지 않을게

오래전에 함께 듣던 노래가
거리에서 내게 우연히 들려온 것처럼
살아가다 한 번쯤 우연히 만날 것 같아
사랑했던 그 모습 그대로

살아가다 한 번쯤 우연히 만날 것 같아
사랑했던 그 모습 그대로"
어른,Sondia,"16,255","고단한 하루 끝에 떨구는 눈물
난 어디를 향해 가는 걸까
아플 만큼 아팠다 생각했는데
아직도 한참 남은 건가 봐
이 넓은 세상에 혼자인 것처럼
아무도 내 맘을 보려 하지 않고
아무도
눈을 감아 보면
내게 보이는 내 모습
지치지 말고
잠시 멈추라고
갤 것 같지 않던
짙은 나의 어둠은
나를 버리면
모두 갤 거라고
웃는 사람들 틈에 이방인처럼
혼자만 모든 걸 잃은 표정
정신없이 한참을 뛰었던 걸까
이제는 너무 멀어진 꿈들
이 오랜 슬픔이 그치기는 할까
언젠가 한 번쯤 따스한 햇살이 내릴까
나는 내가 되고
별은 영원히 빛나고
잠들지 않는
꿈을 꾸고 있어
바보 같은 나는
내가 될 수 없단 걸
눈을 뜨고야
그걸 알게 됐죠
나는 내가 되고
별은 영원히 빛나고
잠들지 않는
꿈을 꾸고 있어
바보 같은 나는
내가 될 수 없단 걸
눈을 뜨고야
그걸 알게 됐죠
어떤 날 어떤 시간 어떤 곳에서
나의 작은 세상은 웃어줄까"
가까운 듯 먼 그대여,카더가든,"4,249","저 달빛에 그려지는
그대의 미소를 간직해
그을진 저 노을 속에
그대 얼굴이 떠올라
또 찬바람이 불어와
그대의 맘을 뒤흔들면
포근한 저 바람 되어
안아줄게 그댈
그대는 밤하늘에 놓인
작은 별 같아요 매일
밤마다 나를 찾아와
나의 맘을 흔들어 놓는
가까운 듯 먼 그대여
그댈 또 그려보네
밤하늘 별들이 되어
밤하늘에 놓인 별들
그대의 모습과 같아서
홀로 그댈 생각하며
오늘도 늦은 잠 이뤄요
그대는 밤하늘에 놓인
작은 별 같아요 매일
밤마다 나를 찾아와
나의 맘을 흔들어 놓는
가까운 듯 먼 그대여
그댈 또 그려보네
밤하늘 별들이 되어
매일 꿈속에서도 준비한 말들을
이젠 해야 할 것 같은데
말처럼 되질 않아 오늘도
그대는 밤하늘에 놓인
작은 별 같아요 매일
밤마다 나를 찾아와
나의 맘을 흔들어 놓네"
아무렇지 않게,DK(디셈버),55,"모두 잠이 든 새벽 난 너를 또 생각해
혹시라도 네가 돌아올까 봐
눈이 부셨던 너의 얼굴 그 목소리
습관처럼 너를 기다려

행복하게 사랑할 수가 없었어
메말라가는 너를 나는 몰랐어
너를 다신 볼 수 없다는 걸 이미 알고 있지만
네가 없이 난 살 수 없어

아무렇지 않게 돌아와 줄 순 없을까
아무 일 없던 듯 널 보고 싶어
가슴 깊은 곳에 쌓아둔 그리움 모두 흘려보내고
웃으며 다시 내게로 돌아와

아무렇지 않게 다시 사랑하고 싶어
오늘도 여전히 추억에 살아 네가 없이
셀 수 없는 많은 밤들 모두 지나고 나면
아무렇지 않게 안녕

행복하게 사랑할 수가 없었어
메말라가는 너를 나는 몰랐어
돌이킬 수 없는 우리 사랑 이미 알고 있지만
네가 없이 난 살 수 없어

아무렇지 않게 돌아와 줄 순 없을까
아무 일 없던 듯 널 보고 싶어
가슴 깊은 곳에 쌓아둔 그리움 모두 흘려보내고
아무렇지 않게 안녕

지나치는 바람에도 네 생각에
눈물이 쏟아질 것 같아
그대

차라리 처음부터 널 몰랐던 나였다면
아무 일 없던 듯 살 수가 있게
가슴속에 묻어둔 추억들 모두 흘려버리고 나면
웃으며 다시 내게로 돌아와

아무렇지 않은 듯 다시 사랑하고 싶어
오늘도 여전히 네 안에 살아 네가 없이
셀 수 없는 많은 밤들 모두 지나고 나면
아무렇지 않게 안녕

안녕"
그대가 내 안에 박혔다(그녀 ver.),지아,57,"한참을 아래를 보고 걸어 갔어
내 지난 사랑은 고개 들 힘마저 가져갔어
사랑이 있다는 말 더 못 믿어서
혼자서 혼자를 연습  했어

그렇게 매일 매일 그저 그런 하루를 보내던
그러던 어느 날에 문득 내게로 와

그대가 내 안에 박혔다
그대가 내 맘을 녹였다 그대가
사랑을 몰랐던 내가
그대로 배워가고 있다

겨울 같은 시간이 와도
꽃을 피우고 있다
그대의 품 그곳에 봄이 있다
이젠

그렇게 매일 매일 그저 그런 하루를 보내던
그러던 어느 날에 문득 내게로 와

그대가 내 안에 박혔다
그대가 내 맘을 녹였다 그대가
사랑을 몰랐던 내가
그대로 배워가고 있다

겨울 같은 시간이 와도
꽃을 피우고 있다
그대의 품 그곳에 봄이 있다
이젠

한없이 춥기만 했던 어둡던 나의 마음은
그대란 해를 끌어안았다
때론 내 마음이 빛을 잃어도 다시 어둠이 와도
그대를 향해 걷겠다 해를 따라 가겠다 그래 난

그대가 내 안에 박혔다
그대가 내 맘을 녹였다 그대가
사랑을 몰랐던 내가
그대로 배워가고 있다
겨울 같은 시간이 와도
꽃을 피우고 있다
그대의 품 그곳에 봄이 있다
이젠"
눈이 오잖아(Feat.헤이즈),이무진,"4,162","한 달 좀 덜 된 기억들
주머니에 넣은 채
걷고 있어 몇 시간을
혹시 몰라 네가 좋아했던
코트를 입은 채
나온 번화가 그때 마침
찬바람 막아줄
네가 이젠 없으니까
추울 때 따스히
안아줄 이가 없으니까
친구들이 불러도
나갈 수 없어 난
창문 너머
그저 바라봐 그때 마침
눈이 오잖아
우리 처음 만난 그 밤에도
한참 동안 눈이 왔잖아
지금 내가 생각나지
않을 리가 없잖아
눈이 오잖아
그때 내가 밤하늘 내린
하얀 눈 예쁘다 했잖아
그랬잖아
지금 눈이 오잖아
Uh 눈이 오잖아
이 말 핑계인 걸 알지만
생각에 잠기곤 해
거릴 거니는 내
곁에 아무도 없을 때
더 크게 들리네
Oh 눈 내리는 소리
이제 인정하자
수많은 끝도 끝났어
찬란한 그때의
우린 이젠 없으니까
돌아온 계절
남아있는 건 없으니까
추억을 지우는 게
내 이별의 숙제
창문 너머
그저 바라봐 그때 마침
눈이 오잖아
우리 처음 만난 그 밤에도
한참 동안 눈이 왔잖아
지금 내가 생각나지
않을 리가 없잖아
눈이 오잖아
그때 내가 밤하늘 내린
하얀 눈 예쁘다 했잖아
그랬잖아
지금 눈이 오잖아
마지막 안녕이 남은 거리에서 혼자
너와의 약속들을 되뇌었어
함께여야 할 너 없는 이 겨울의
첫눈이 오잖아
눈이 오지만
우리 처음 만난 그 밤에도
내렸던 그 눈이 오지만
주머니 속 챙겨 나온 기억
버려야만 해
눈이 오지만
우린 이대로의 모습으로
남아있는 게 맞지만
그래도
지금
그 눈이 오잖아"
그녀가 웃잖아,LUCY,203,"그래 그렇게 제발 좀 웃어봐
웃는 여자 중엔 네가 젤 예쁜걸
내 말 앞에 손사래 쳐도
좋은 듯 행복한 듯 웃는 네가
나의 삶에 햇살이잖니

밤새도 눈 빨개져도 난 좋았어
너를 웃게 해 줄 생각에 들떠서
혹시 중간에 끊길까 봐
재미있는 얘길 달달 외고
준비한 게 탄로 날까 연습도 했었지

널 떠난 사람 잊을 수 있다면
널 울린 사람 걷어 낼 수 있다면
광대라도 좋아 바보가 된다 해도
너만 기쁘면 그보다 더한 것도 난

누군가 내게 네 사랑과 행복 중
하나만 고르라면 택하라면
한 치 망설임도 없이
언제나 난 네 행복이고 싶어
네가 나를 사랑하지 않는다 해도
내가 널 사랑하니까 남자니까
우는 건 아픈 건 내가 할게
넌 웃어줘

가끔 날 보며 웃는 널 보면서
나를 사랑한단 착각을 하나 봐
아니, 지금은 아니라도
나를 사랑해라 사랑해라 
가슴으로 너를 향해 주문도 거나 봐

그 꿈에서 또 깨면 쓸쓸해도
널 볼수록 더 가슴이 미어져도
뒤돌아서 눈물 삼키고 삼켜내도
너를 몰랐던 그날들보다 괜찮아 

널 위해 할 수 있는 게 참 없잖니
사랑을 받는 일도 하는 일도
그게 나를 또 얼마나
미치게 하는 건지 네가 알까
끝내 몰라도 돼 부탁 하나만 할게
널 웃게 만드는 일만 허락해 줘
우는 건 아픈 건 내가 할게
넌 웃어줘"
그랬나봐,유회승 (엔플라잉),"1,094","많은 친구 모인 밤 그 속에서 늘 있던 자리에
니가 가끔 보이질 않을 때
내가 좋아했던 너의 향길 맡으며
혹시 니가 아닐까 고갤 돌려 널 찾을 때
우연히 너의 동넬 지나갈때면
어느새 니 얼굴 자꾸 떠오를 때
그랬나봐 나 널 좋아하나봐
하루하루 니 생각만 나는걸
널 보고 싶다고 잘할 수 있다고
용기내 전활걸고 싶었는데
그게 잘 안돼 바보처럼
우연히 너의 메일을 알게되면서
모니터 앞에 널 밤새 기다릴때
그랬나봐 나 널 좋아하나봐
하루하루 니 생각만 나는걸
널 보고 싶다고 잘할 수 있다고
용기내 전활걸고 싶었는데 그게 잘 안돼
말하지 못한 막막함을 너는 알고 있을까
오랫동안 기다려온 사랑 내 앞에 숨쉬고 있는걸
그랬나봐 나 널 좋아하나봐
하루하루 니 생각만 나는걸
널 보고 싶다고 잘할 수 있다고
용기내 전활걸고 싶었는데 그게 잘 안돼
넌 언제나 나를 꿈꾸게 하지
지금보다 더 좋은 남자 되고 싶다고
널 만나러 가는 이 시간 난 연습해
그토록 오랜시간 가슴속에 숨겨왔던 말
사랑해"
다정히 내 이름을 부르면,경서예지,"6,930","끝없이 별빛이 내리던 밤
기분 좋은 바람이
두 뺨을 스치고
새벽 바다 한곳을 보는
아름다운 너와 나
그림을 그려갔어
모래 위 떨린 손끝으로
날 향해 웃어주는 입술
끝 모양과 저 달보다
사랑스러운 두 눈을 가진 네가
다정히 내 이름을
부르면 내 마음이
녹아내려 언제나
나 하날 위해 준비된
선물 같아 널 안으면
잠들지 않는 바다 위를
너와 함께 걷는 거 같아
하늘 아래 너와 나
남은 내 모든 날을 너에게
다 줘도 안 아까워
이제서야 내가
사랑에 눈을 뜬 건 가봐
경험하지 못했고
믿기지 않는 일만
일어나고 있는 거 아니
5월에 피는 봄꽃 처럼
내 사랑도 피어나
부는 바람에 살며시 실어 보내
다정히 내 이름을
부르면 내 마음이
녹아내려 언제나
나 하날 위해 준비된
선물 같아 널 안으면
잠들지 않는 바다 위를
너와 함께 걷는 거 같아
하늘 아래 너와 나
설레는 지금이
꿈이 아닌 걸 알잖아
난 더 바랄 게 없어
먼 훗날 내 생애
아주 작은 소리로
귓가에 말할 거야
내 곁에 머물러줘서
마음 다해 고맙다고
어떤 말로도 표현 못 할
내 인생의 전부였다고
이 순간  너를 꼭 안고
고백할게 언제나
우리 모든 날들과
별빛 아래 우리 그림자
제일로 특별하다고
길고 긴 겨울 끝을 지나
너의 앞에 서있는 지금
선명한 목소리로
널 사랑한다고
말할게"
꿈,태연 (TAEYEON),"1,491","화려한 도시를
그리며 찾아왔네
그곳은 춥고도 험한 곳
여기저기 헤매다
초라한 문턱에서
뜨거운 눈물을 먹는다

머나먼 길을 찾아 여기에
꿈을 찾아 여기에
괴롭고도 험한 이 길을 왔는데
이 세상 어디가 숲인지
어디가 늪인지
그 누구도 말을 않네

사람들은 저마다
고향을 찾아가네
나는 지금 홀로 남아서
빌딩 속을 헤매다
초라한 골목에서
뜨거운 눈물을 먹는다

저기 저 별은 나의 마음 알까
나의 꿈을 알까
괴로울 땐 슬픈 노래를 부른다
슬퍼질 땐 차라리 나 홀로
눈을 감고 싶어
고향의 향기 들으면서

저기 저 별은 나의 마음 알까
나의 꿈을 알까
괴로울 땐 슬픈 노래를 부른다
이 세상 어디가 숲인지
어디가 늪인지
그 누구도 말을 않네

슬퍼질 땐 차라리 나 홀로
눈을 감고 싶어
고향의 향기 들으면서
고향의 향기 들으면서"
우리가 헤어져야 했던 이유,비비(BIBI),"3,742","Maybe If I Woke up in the morning
Hearing your voice
Maybe If I was with you
어쩌면 우리 어려웠던 날들
함께 보냈었다면
혹시 우린 어땠을까
The distance between you and me
It never seems to disappear
얼어붙은 나의 말들과 너
만약에 우리 우연히
다시 또 만난다면
만약에 내가 널 위해
조금 달라진다면
우리가 헤어져야만 했던 이유도
I would try try try
안아줄 수 있을까
조금은 다른
기억의 조각들
하지만 꼭 닮은
그리움의 마음들은
Only if you
If you come
The distance between you and me
It never seems to disappear
멈춰버린 우리 추억과 너
만약에 우리 우연히
다시 또 만난다면
만약에 내가 널 위해
조금 달라진다면
우리가 헤어져야만 했던 이유도
I would try try try
안아줄 수 있을까
눈을 뜨면 혹시 니가 서 있을까
어느 날 상상도 했어
한 번도 내게 해주지 않았던 말
그저 너니까 좋은 거라고 oh
Tell me whenever
I'll be wherever you are
Only if you come"
나였으면,HYNN(박혜원),277,"늘 바라만 보네요
하루가 지나가고
또 하루가 지나도
그대 숨소리 그대 웃음소리
아직도 나를 흔들죠

또 눈물이 흐르죠
아픈 내 맘 모른 채
그댄 웃고 있네요
바보 같은 나 철없는 못난 나를
한 번쯤 그대 돌아봐 줄 수 없는지

알고 있죠 내 바램들을
그대에겐 아무런 의미 없단 걸

나였으면 
그대 사랑하는 사람
나였으면 
수없이 많은 날을 나 기도해왔죠

푸르른 나무처럼
말없이 빛난 별처럼
또 바라만 보고 있는 나를
그댄 알고 있나요

늘 나 오늘까지만
혼자 연습해왔던 사랑의 고백들도
슬픈 뒷모습 그저 오늘까지만
이런 내 맘을 모른 채 살아갈 테죠

기다림이 잊혀짐보다
쉽다는 걸 슬프게 잘 알고 있죠

나였으면 
그대 사랑하는 사람
나였으면 
수없이 많은 날을 나 기도해왔죠

푸르른 나무처럼
말없이 빛난 별처럼
또 바라만 보고 있는 나를
그댄 알고 있나요

묻고 싶죠 
그댄 잘 지내는 가요
함께하는 
그 사람이 그대에게 잘해주나요

바보 같은 걱정도
부질없단 걸 알지만
눈물 없이 꼭 한번은 말하고 싶었죠
사랑한다고"
그리고 봄,포레스텔라(Forestella),"1,349","찬 어둠 위로
흐르는 새벽빛
얼어붙은 맘을 달래주는
여린 봄의 소리
겨울을 감싸안은
포근한 너의 향기
서롤 마주하던 미소가
나를 물들게 해
한 걸음 힘겨웠었지
매일 밤 꿈꾸던 시간들
지나온 계절이 머금은 우리의 추억
아련히 꺼내본다
우리의 꿈은
아직은 멀다 해도
긴 밤이 찾아와도
매일 숨 쉬고 버티며 내일을 기대하며 살아가
하나 된 믿음
아득히 먼 훗날에
그날이 온다면
너에게 말할게
나에게 한없이 커다란 행복이었다고 말야
풀잎에 새겨놓은
지나온 우리 얘기
함께 걸어온 이 길이
내 맘을 설레게 해
때로는 방황했었지
숨가삐 살아온 시간들
바람에 들려온 그날의 눈부신 추억
너에게 전해본다
우리의 꿈은
아직은 멀다 해도
긴 밤이 찾아와도
매일 숨 쉬고 버티며 내일을 기대하며 살아가
하나 된 믿음
아득히 먼 훗날에
그날이 온다면
너에게 말할게
나에게 한없이 커다란 행복이었다고 말야
얼어붙은 시련의 눈물이
따스한 바람 햇살에 적실 때
푸른색 빛으로 세상을 물들게 해
우리의 꿈은
아직은 멀다 해도
긴 밤이 찾아와도
매일 숨 쉬고 버티며 내일을 기대하며 살아가
이 길의 끝에
아득히 먼 훗날에
그날이 온다면
너에게 말할게
나에게 한없이 커다란 행복이었다고
말야"
눈사람,정승환,"18,282","멀리 배웅하던 길
여전히 나는 그곳에 서서
그대가 사랑한
이 계절의 오고 감을 봅니다
아무 노력 말아요
버거울 땐 언제든
나의 이름을 잊어요
꽃잎이 번지면
당신께도 새로운 봄이 오겠죠
시간이 걸려도
그대 반드시 행복해지세요
그다음 말은 이젠
내가 해줄 수 없어서
마음속에만 둘게요
꽃잎이 번지면
그럼에도 새로운 봄이 오겠죠
한참이 걸려도
그대 반드시 행복해지세요
끝눈이 와요
혹시 그대 보고 있나요
슬퍼지도록 시리던
우리의 그 계절이 가요
마지막으로 날
떠올려 준다면 안 되나요
다시 한 번 더 같은 마음이고 싶어
우릴 보내기 전에
몹시 사랑한 날들
영원히 나는 이 자리에서"
"잘 지내자, 우리 (여름날 우리 X 로이킴)",로이킴,"2,077","마음을 다 보여줬던 너와는 다르게
지난 사랑에 겁을 잔뜩 먹은
나는 뒷걸음질만 쳤다
너는 다가오려 했지만
분명 언젠가 떠나갈 것이라 생각해
도망치기만 했다
같이 구름 걸터앉은 나무 바라보며
잔디밭에 누워
한 쪽 귀로만 듣던 달콤한 노래들이
쓰디쓴 아픔이 되어
다시 돌아올 것만 같아
분명 언젠가 다시 스칠 날 있겠지만
모른 척 지나가겠지
최선을 다한 넌 받아들이겠지만
서툴렀던 난
아직도 기적을 꿈꾼다
눈 마주치며 그땐 미안했었다고
용서해달라고 얘기하는 날
그때까지 잘 지내자 우리 우리
지금 생각해보면 그까짓 두려움
내가 바보 같았지 하며
솔직해질 자신 있으니
돌아오기만 하면 좋겠다
분명 언젠가 다시 스칠 날 있겠지만
모른 척 지나가겠지
최선을 다한 넌 받아들이겠지만
서툴렀던 난
아직도 기적을 꿈꾼다
눈 마주치며 그땐 미안했었다고
용서해달라고 얘기하는 날
그때까지 잘 지내자 우리 우리
눈 마주치며 그땐 미안했다고
용서해달라고 이야기 하는 날
그때까지
잘 지내자
우리"
봄눈,10CM,"1,059","가려진 오랜 시간이
우리를 다시 불러와
어느 곳에 있어도
그 끝은 항상 너인걸
Cause I'm falling slowly love with you
오랫동안 기다려온
너는 봄이야
Cause I'm falling slowly love with you
다시 지워진다 해도
All my life is you
너라는 이야기 속에
다시 또 꿈을 꾸는 나
어떤 순간이 와도
난 너를 찾아 갈거야
Cause I'm falling slowly love with you
오랫동안 기다려온
너는 봄이야
Cause I'm falling slowly love with you
다시 지워진다 해도
All my life is you
꽃잎 날리던 하얀 길위에
행복했던 너와 나
다시 만날 수 있다면
Cause I'm falling slowly love with you
오랫동안 기다려온
너는 봄이야
Cause I'm falling slowly love with you
다시 지워진다 해도
All my life is you"
LAST DANCE,BIGBANG (빅뱅),"12,733","영원할 줄 알았던 사랑도 저물고
이젠 그 흔한 친구마저 떠나가네요
나이가 들어서 나
어른이 되나 봐요
왜 이렇게 불안할까

사람들은 오늘도 과거에 머물고
세상은 나 없이도 잘 돌아가네요
아직은 어려서 나
철이 안 드나 봐요
왜 이렇게 바보 같을까

아무것도 없이 그저 행복해하던 때가
엊그제 같은데 그래 너무 멀리 와버렸어 난 
기억이 안 나
모든 게 처음이라 서툴고 설레이기만 해
그 시절 기억들이 아직도 꿈만 같은데 난 
지금 어디로 가는지

나는 이 노랠 부르며 너에게 돌아갈 거야
아름다웠던 그댈 다시 볼 수 있다면
너와 이 노랠 들으며 마지막 춤을 출 거야
이 순간을 기억해 언제까지라도 
(Just one last dance)

희미한 불빛이 되어 별들 사이로
너 또한 이 별이 되어 손짓하네요
혼자가 되어서 나
외로워 보이나요
왜 이렇게 눈물이 날까

아무것도 없이 그저 행복해하던 때가
엊그제 같은데 그래 너무 멀리 와버렸어 난 
기억이 안 나
모든 게 처음이라 서툴고 설레이기만 해
그 시절 기억들이 아직도 꿈만 같은데 난 
지금 어디에 있는지

나는 이 노랠 부르며 너에게 돌아갈 거야
아름다웠던 그댈 다시 볼 수 있다면
너와 이 노랠 들으며 마지막 춤을 출 거야
이 순간을 기억해 언제까지라도 
(Just one last dance)

음악은 계속해서 흐르고 
여기 너를 기다리고 있는 나에게 기회를 줘
제발 단 한 번만 
부디 약속할게 
그리 길지는 않을 테니

나는 이 노랠 부르며
나는 이 노랠 부르며 너에게 돌아갈 거야
아름다웠던 그댈 다시 볼 수 있다면
너와 이 노랠 들으며 마지막 춤을 출 거야
이 순간을 기억해 언제까지라도 
(Just one last dance)

너와 손을 잡고 춤을 추던 어젯밤
찬란히 빛이 나는 아름다운 One last smile
빨주노초 알 수 없던 황홀경
내가 보고 느끼던 세상과는 안 어울려

너와 손을 잡고 춤을 추던 어젯밤
찬란히 빛이 나는 아름다운 One last smile
빨주노초 알 수 없던 황홀경
내가 보고 느끼던 세상과는 안 어울려"
희재,성시경,"198,401","햇살은 우릴 위해 내리고 바람도 서롤 감싸게 했죠 
우리 웃음속에 계절은 오고 또 갔죠 
바람에 흔들리는 머리결 내게 불어오는 그대향기 
예쁜 두눈도 웃음소리도 모두가 내것이었죠 

이런 사랑 이런 행복 쉽다 했었죠 
이런 웃음 이런 축복 내게 쉽게 올리 없죠 
눈물조차 울음조차 닦지 못한 나 
정말로 울면 내가 그댈 보내준 것 같아서 

그대 떠나가는 그 순간도 나를 걱정 했었나요 
무엇도 해줄 수 없는 내 맘 앞에서 
그댄 나를 떠나간다 해도 난 그댈 보낸적 없죠 
여전히 그댄 나를 살게하는 이유일테니 

이런사랑 이런행복 쉽다 했었죠 
이런 웃음 이런 축복 내게 쉽게 올리 없죠 
눈물조차 울음조차 닦지 못한 나 
정말로 울면 내가 그댈 보내준 것 같아서 

그대 떠나가는 그 순간도 나를 걱정 했었나요 
무엇도 해줄 수 없는 내 맘 앞에서 
그댄 나를 떠나간다 해도 난 그댈 보낸적 없죠 
기다림으로 다시 시작일테니 

얼마나 사랑했는지 얼마나 더욱 사랑했는지 
그대여 한순간조차 잊지말아요(잊지말아요) 
거기 떠나간 그 곳에서 날 기억하며 기다려요 
(날 기억해줘요) 

한없이 그대에게 다가가는 나일테니"
yours,데이먼스 이어(Damons year),"6,364","내가 손을 잡을게
너는 힘을 빼도 돼
그저 복사꽃 핀 거릴 걷자
너의 마음이 녹아
우리 밤을 합치면
무너진 달을 세워놓자
가끔 너의 모습은
봄날의 낮과 밤 같아
따스하다가도 차갑곤 해
또 넌 맑은 하늘에
내리는 소나기 같아
넌 대체 내게 뭐를 원해
그대여 난
솔직히 좀 싫어
그대는 내가 없더라도
아무렇지 않은 게
넌
나의 모든 하루를 바꿔
난 그렇게 또
두 눈을 감고 마네
그대여 난
솔직히 좀 싫어
그대는 내가 없더라도
아무렇지 않은 게
넌
나의 모든 하루를 바꿔
난 그렇게 또
두 눈을 감고 마네"
별 떨어진다 (I Do),도경수(D.O.),"2,247","밝은 빛은 별 뿐인
고요한 오늘 밤
잔잔한 풀벌레 소린
멋진 노랫말
내 어깨 위로
살짝 기대진 너의 온긴
맘을 괜히 들뜨게 해
설렘 끝에 번지는 기대감

소원 빌래? 별 떨어진다
잠깐이라 또 놓쳤지만
금방 더 떨어지겠지
밤이 끝날 때까지
원하는 게 딱 하난데 난
내 소원 듣게 되면 I do I do
웃으며 대답해 줘 I do I do

둘이 아닌
우린 어떤 모습일까
꼭 하나인 것 같이
서로를 잘 알아
수없이 많은 기억들이
똑같을 너와 나
상상만 했는데
다 이뤄진 것 같아

넌 아무거나 마구 빌어도 돼
내가 전부 듣고 이뤄줄게
저 별을 갖고 싶다
말하면 따다 줄게
맘으로만 혼자 빌어도 돼
말해줄 때까지 기다릴게
네 마음이 눈에 보였음 해
하늘에 저 별들처럼

소원 빌래? 별 떨어진다
(네 옆으로)
잠깐이라 또 놓쳤지만
금방 더 떨어지겠지
밤이 끝날 때까지
원하는 게 딱 하난데 난
내 소원 듣게 되면 I do I do
웃으며 대답해 줘 I do I do

너만 좋다면 좋아
그게 뭐라도
네가 간다면 따라가
어딜 간대도
오랜 시간 흘러가도
함께 있으면 좋겠어
너는 나 난 네 옆에서

소원 빌래? 별 떨어진다
(다시 네게 온다)
잠깐이라 또 놓쳤지만
(널 보느라 놓쳤지)
이젠 뭐 상관없겠지
이미 눈치챘으니
원하는 건 너 하나뿐야
(너뿐이야)
영원히 함께해 줘 I do I do
웃으며 대답해 줘 I do I do
I do I do"
다시 사랑한다면 (니글니글 버터플라이),김필(Kim Feel),"11,688","다시 태어난다면 다시 사랑한다면 
그때는 우리 이러지 말아요 
조금 덜 만나고 조금 덜 기대하며 
많은 약속 않기로 해요 

다시 이별이 와도 서로 큰 아픔 없이 
돌아설 수 있을 만큼 
버려도 되는 가벼운 추억만 
서로의 가슴에 만들기로 해요 

이젠 알아요 너무 깊은 사랑은 
외려 슬픈 마지막을 가져 온다는 걸 
그대여 빌게요 다음 번의 사랑은 
우리 같지 않길 부디 아픔이 없이 
나~
꼭 나보다 더 행복해져야만 해 

많은 시간이 흘러 서로 잊고 지내도 
지난 날을 회상하며 
그 때도 이건 사랑이었다고 
말할 수 있다면 그걸로 된 거죠 

이젠 알아요 너무 깊은 사랑은 
외려 슬픈 마지막을 가져 온다는 걸 
그대여 빌게요 다음 번의 사랑은 
우리 같지 않길 부디 아픔이 없이 

이젠 알아요 영원할 줄 알았던 
그대와의 사랑마저 날 속였다는 게 
그보다 슬픈 건 나 없이 그대가 
행복하게 지낼 먼 훗날의 모습 
나~
내 마음을 하늘만은 알기를"
거리에서,성시경,"87,372","네가 없는 거리에는
내가 할일이 없어서
마냥 걷다 걷다보면 
추억을 가끔 마주치지.

떠오르는 너의 모습 
내 살아나는 그리움 한번에
참 잊기 힘든 사람이란 걸 
또 한 번 느껴지는 하루

어디쯤에 머무는지 
또 어떻게 살아가는지
걷다보면 누가 말해줄 것 같아

이 거리가 익숙했던 
우리 발걸음이 나란했던
그리운 날들 오늘밤 나를 찾아온다

널 그리는 널 부르는 내 하루는
애태워도 마주친 추억이 반가워
날 부르는 목소리에 돌아보면
텅 빈 거리 어느새 수많은 네 모습만 가득해

막다른 길 다다라서 
낯익은 벽 기대보며
가로등 속 환히 비춰지는 
고백하는 네가 보여

떠오르는 그때 모습 
내 살아나는 설레임 한번에
참 잊기 힘든 순간이란 걸 
또 한 번 느껴지는 하루

아직 나를 생각할지 
또 그녀도 나를 찾을지
걷다보면 누가 말해줄 것 같아

이 거리가 익숙했던 
우리 발걸음이 나란했던
그리운 날들 오늘밤 나를 찾아온다

널 그리는 널 부르는 내 하루는
애태워도 마주친 추억이 반가워
날 부르는 목소리에 돌아보면
텅 빈 거리 어느새 수많은 네 모습만 가득해

부풀은 내 가슴이 밤하늘에 외쳐본다
이 거리는 널 기다린다고

널 그리는 널 부르는 내 하루는
애태워도 마주친 추억이 반가워
날 부르는 목소리에 돌아보면
텅 빈 거리 어느새 수많은 네 모습만 가득해"
Popcorn,도경수(D.O.),"1,244","처음 만난 그날의 장면
참 나답지 않던 그 떨림
무표정히 서 있던 날 잊은 듯
맘 설레게 했던 예쁜 웃음 
봄날처럼 포근한 눈빛
언 내 맘을 녹였던가 봐
두 눈에 씌워진 콩깍지처럼
너의 모든 순간이 예뻐 보여

그대가 내게 준 설렘이죠

첨 그날처럼
그댈 보면 행복해져
떨림을 잊었던 맘도
터질 듯 설레 마치 Popcorn 
달콤해진 맘이 매일
Popcorn처럼 튀는 느낌
달디단 당신의 말도
터질 듯 설레 마치 Popcorn 

매일의 새로운 면도
어느새 익숙한 면도
사랑스럽게만 보이는 맘 
당신과도 나누고 싶은 이 맘

""펑"" 하고 터질 것 같은 기분

첨 그날처럼
그댈 보면 행복해져
떨림을 잊었던 맘도
터질 듯 설레 마치 Popcorn 
달콤해진 맘이 매일
Popcorn처럼 튀는 느낌
달디단 당신의 말도
터질 듯 설레 마치 Popcorn

터질 듯 설레 마치 Popcorn 

믿을 수 없어
매일같이 행복해져
둘만의 모든 순간도
터질 듯 설레 마치 Popcorn 
사랑이란 봄꽃잎이
걸음마다 휘날리지
함께할 모든 순간도
터질 듯 설레 마치 Popcorn"
운이 좋았지,권진아,"6,426","나는 운이 좋았지
다른 사람들은
그렇게 어려운 이별을 한다는데
나는 운이 좋았지
말 한마디로
끝낼 수 있던 사랑을 했으니까
나는 운이 좋았지
서서히 식어간 기억도
내게는 없으니
나는 운이 좋았지
한없이 사랑한 날도
우리에겐 없던 것 같으니
나는 운이 좋았지
스친 인연 모두
내게 많은 것들을 가르쳐줬으니
후회는 하지 않아
덕분에 나는
조금 더 나은 사람이 되었으니까
참 많이도 아팠지
혼자서 울음을 삼킨 날도 정말 많았지
이젠 웃어 보일게
긴 터널이 다 지나가고
단단한 마음을 갖게 됐으니
아주 자잘한 후회나 여운도
내게 남겨 주지 않았으니
나는 운이 좋았지
내 삶에서 나보다도
사랑한 사람이 있었으니
내게 불었던 바람들 중에
너는 가장 큰 폭풍이었기에
그 많던 비바람과
다가올 눈보라도
이제는 봄바람이 됐으니
나는 운이 좋았지
나는 운이 좋았지
나는 운이 좋았지
넌 내게 전부였지
나는 운이 좋았지
내 삶에서 나보다도
사랑한 사람이 있었으니"
눈의 꽃,"박효신
											CONNECT 아티스트","20,466","어느새 길어진 그림자를 따라서
땅거미 진 어둠 속을 그대와 걷고 있네요
손을 마주 잡고 그 언제까지라도
함께 있는 것만으로 눈물이 나는 걸요

바람이 차가워 지는 만큼 
겨울은 가까워 오네요
조금씩 이거리 그 위로 
그대를 보내야 했던 계절이 오네요

지금 올해의 첫 눈꽃을 바라보며
함께 있는 이 순간에
내 모든걸 당신께 주고 싶어 
이런 가슴에 그댈 안아요
약하기만 한 내가 아니에요 
이렇게 그댈 사랑하는데
그저 내 맘이 이럴 뿐인거죠

그대 곁이라면 또 어떤 일이라도
할 수 있을 것만 같아
그런 기분이 드네요
오늘이 지나고 또 언제까지라도
우리 사랑 영원하길 기도하고 있어요

바람이 나의 창을 흔들고
어두운 밤마저 깨우면
그대 아픈 기억마저도
내가 다 지워줄게요 환한 그 미소로

끝없이 내리는 새하얀 눈꽃들로 
우리 걷던 이 거리가
어느새 변한 것도 모르는 체 
환한 빛으로 물들어 가요
누군가를 위해 난 살아갔나요
무엇이든 다 해주고 싶은 
이런게 사랑인줄 배웠어요

혹시 그대 있는 곳 어딘지 알았다면
겨울 밤 별이 돼 그대를 비췄을 텐데
웃던 날도 눈물에 젖었던 슬픈 밤에도
언제나 그 언제나 곁에 있을게요

지금 올해의 첫 눈꽃을 바라보며
함께 있는 이 순간에 
내 모든걸 당신께 주고 싶어 
이런 가슴에 그댈 안아요
울지 말아요 나를 바라봐요 
그저 그대의 곁에서
함께 있고 싶은 맘뿐이라고 
다신 그댈 놓지 않을 테요

끝없이 내리며 우릴 감싸온 
거리 가득한 눈꽃 속에서
그대와 내 가슴에 조금씩 
작은 추억을 그리네요
영원히 내 곁에 그대 있어요"
사계 (Four Seasons),태연 (TAEYEON),"16,143","사계절이 와 그리고 또 떠나
내 겨울을 주고 또 여름도 주었던
온 세상이던 널 보낼래
정말 너를 사랑했을까?
언제야 봄이던가
맞아 그땐 한참 서로가
셰익스피어의 연극 같은
마지막이 될 사랑 마주한 듯
둘밖에 안 보였나 봐
다른 걸 좀 보고파
I gave you the world
너만이 전부라
내 겨울을 주고 또 여름도 주었지
뜨겁고 차갑던 그 계절에
정말 너를 사랑했을까?
내가 너를 사랑했을까?
서로를 그리워했고
서로를 지겨워하지
그 긴 낮과 밤들이
낡아 녹슬기 전에
우리 다시 반짝이자
또 계절이 바뀌잖아
I gave you the world
너만이 전부라
내 겨울을 주고 또 여름도 주었지
뜨겁고 차갑던 그 계절에
정말 너를 사랑했을까?
내가 너를 사랑했을까?
가도 돼 뒤돌아볼 때쯤엔 난 없어
우리 꽤 괜찮았어
그거면 된 거야 떠날 때
사계절이 와 그리고 또 떠나
내 겨울을 주고 또 여름도 주었던
온 세상이던 널 보낼래
정말 너를 사랑했을까?
내가 너를 사랑했을까?
내가 너를 사랑했을까?"
밤편지,아이유(IU),"40,337","이 밤 그날의 반딧불을 
당신의 창 가까이 보낼게요
음 사랑한다는 말 이에요

나 우리의 첫 입맞춤을 떠올려
그럼 언제든 눈을 감고 
음 가장 먼 곳으로 가요

난 파도가 머물던 모래 위에 적힌 글씨처럼
그대가 멀리 사라져 버릴 것 같아 
늘 그리워 그리워

여기 내 마음속에 
모든 말을 다 꺼내어 줄 순 없지만
사랑한다는 말 이에요

어떻게 나에게 그대란 행운이 온 걸까
지금 우리 함께 있다면 아 얼마나 좋을까요

난 파도가 머물던 모래 위에 적힌 글씨처럼
그대가 멀리 사라져 버릴 것 같아
또 그리워 더 그리워

나의 일기장 안에
모든 말을 다 꺼내어 줄 순 없지만
사랑한다는 말

이 밤 그날의 반딧불을 당신의
창 가까이 띄울게요
음 좋은 꿈 이길 바라요"
봄이 와도,로이킴,939,"내가 가는 길마다
예쁘게 피어 있던 꽃들을 보며
참 많이 웃었고, 참 많이 울었지
마치 온 세상을 다 가진 것 같았어
그러다 내가 시들어 갈 때면
그 꽃들은 온데간데없었고
그저 내게 남아있던 건
항상 나의 곁에 있어줬지만
보지 못했던 너
봄이 와도
설레지 않을 것이고
여름이 와도
나는 흔들리지 않을 거야
가을이 오면
무너지지 않고 견뎌 왔음에 감사하며
겨울엔 나를 지켜 줬던 그대만을
내 맘에 새길 거야
내가 주는 사랑은
그렇게 쉽게 없어지지 않기에
그 모진 말들과 이해하려는 노력 속에
나는 그렇게 너로 인해 숨을 쉰 거야
이렇게 너는 나의 우주야
지금처럼만 빛나는 거야
더 커다란 기대보다는
그저 함께 있음에 감사하며
잊지 않는 거야
봄이 와도
설레지 않을 것이고
여름이 와도
나는 흔들리지 않을 거야
가을이 오면
무너지지 않고 견뎌 왔음에 감사하며
겨울엔 나를 지켜 줬던 그대만을 그대만을
봄이 와도
설레지 않을 것이고
여름이 와도
나는 흔들리지 않을 거야
가을이 오면
무너지지 않고 견뎌 왔음에 감사하며
겨울엔 나를 지켜 줬던 그대만을
내 맘에 새길 거야"
오래된 노래,스탠딩 에그(Standing Egg),"13,270","오래전에 함께듣던 노래가
발걸음을 다시 멈춰서게 해
이 거리에서 너를 느낄수있어
널 이곳에서 꼭다시 만날것같아

너일까봐 한번더 바라보고
너일까봐 자꾸 돌아보게 돼
어디선가 같은 노래를 듣고
날 생각하며 너역시 멈춰있을까

오래전에 함께듣던 노래가
거리에서 내게 우연히 들려온것처럼 
살아가다 한번쯤 우연히 만날것같아
사랑했던 그모습 그대로

내 사랑이 그대로인것처럼
발걸음이 여길 찾는것처럼
꼭 만날꺼야 지금 이노래 처럼
날 사랑하는 네맘도 같을테니까

오래전에 함께듣던 노래가
거리에서 내게 우연히 들려온것처럼
살아가다 한번쯤 우연히 만날것같아
사랑했던 그모습 그대로

운명처럼 아니면 우연처럼
우리가 다시 예전처럼 만날수 있다면
너에게 나 해주고 싶은 말이 하나있어
널다시는 놓치지 않을께

오래전에 함께듣던 노래가
거리에서 내게 우연히 들려온것처럼
살아가다 한번쯤 우연히 만날것같아
사랑했던 그모습 그대로"
To Forget,Yale Lee,6,"술잔에 너를  가득 담아
잊으려고 너를 잊으려고
한 모금씩 또 한 모금씩

술이 아닌 눈물로 빈 잔을 채워
추억을 떠올려 마주할 때
한 잔에 담긴 니 이름
다시 또 반복되는
생각 속 그리움에 빠진 내 모습

One drink at a time trying to forget
술잔 속에 담긴 이별의 아픔
One drink at a time trying to forget
너를 잊으려 해도 막을 수 없는 그 울음

가로등 불빛 아래에서
지우려고 너를 지우려고
한 걸음씩 또 한 걸음씩
술이 아닌 눈물로
골목을 기억을 떠올려 마주할 때
한 잔에 담긴 니 이름
다시 또 반복된 기억 속에

다시 again a time trying to forget
술잔 속에 담긴 이별의 아픔
One drink at a time trying to forget
너를 잊으려 해도 막을 수 없는 그 울음

술 한 잔 마시고 나면 모든 게 사라질까
너와의 추억에 취할 거 같아
한 잔 더 마셔도 그리움은 끝나지 않아
끝없는 길을 걷고 있는 걸까

One drink at a time trying to forget
술잔 속에 담긴 이별의 아픔


One drink at a time trying to forget
술잔 속에 담긴 이별의 아픔
One drink at a time trying to forget
너를 잊으려 해도 막을 수 없는 그 울음"
너였다면,정승환,"24,108","왜 너에겐 그렇게 어려운지 
애를 쓰는 나를 제대로 봐주는 게

너 하나에 이토록 
아플 수 있음에 놀라곤 해
고단했던 하루 
나는 꿈을 꿔도 아파

너였다면 어떨 것 같아 
이런 미친 날들이 
네 하루가 되면 말야

너도 나만큼 혼자 
부서져 본다면 알게 될까
가슴이 터질 듯 
날 가득 채운 통증과 
얼마나 너를 원하고 있는지
내가 너라면 그냥 날 사랑할 텐데

내 가슴은 한없이 바닥까지 
나를 둘러싸는 모든 게 두려워져

다 사랑에 빠지면 
행복한 거라니 누가 그래
뒷모습만 보는 그런 사랑하는 내게

너였다면 어떨 것 같아 
이런 미친 날들이 
네 하루가 되면 말야

너도 나만큼 
혼자 부서져 본다면 알게 될까
가슴이 터질 듯 날 가득 채운 통증과 
얼마나 너를 원하고 있는지
내가 너라면 그냥 날 사랑할텐데

이미 너는 내게 대답한 걸 알아 
대답 없는 대답의 의미
다 알면서도 난 모르는 척 맴도는데

요즘 나는 어떤 줄 아니 
편히 잠을 잘 수도 
뭘 삼켜낼 수도 없어

널 바라보다 
점점 망가져 가는 날 알긴 할까
죽을 것 같아도 
넌 내게 올 리 없대도 
딴 곳만 보는 너란 걸 알아도
그런 너를 난 놓을 순 없을 것 같아"
거짓말의 반대말만 할게요,이창섭,123,"그댄 내 앞에 서 있네요 잘 다녀와 주었죠
긴 시간을 기다린 나의 품으로
어떻게 울고 있는 얼굴도 아름다울 수 있죠
또 설레고 말게
나는 그대가 진 무거운 짐 내려놓을 집이죠
고단했던 만큼 편히 쉬어요
우리 사랑해요 지금 이대로
내 말 들어줘요 아무것도 섞이지 않은 진심을
거짓말의 반대말만 할게요 나는요
세상의 끝까지 그댈 사랑해
곁에 그대라면 둘이라면 어디든 갈게요
천국보다 낯선 곳이라 해도
우리 사랑해요 지금 이대로
내 말 들어줘요 아무것도 섞이지 않은 진심을
거짓말의 반대말만 할게요 나는요
세상의 끝까지 그댈 사랑해
두 번 다신 내게서 한 뼘도 멀지 말아요
한순간이라도 이젠
우리 사랑해요 언제까지나
모든 계절에서 내 온기로 그댄 꽃으로 피어요
거짓말의 반대말만 할게요 그래요
나는 아주 많이 그댈 사랑해"
눈 (Feat. 이문세),Zion.T,"10,700","내일 아침 하얀 눈이
쌓여 있었으면 해요
그럼 따뜻한 차를 한 잔
내려드릴게요
계속 내 옆에만 있어 주면 돼요
약속해요
눈이 올까요
우리 자는 동안에
눈이 올까요
그대 감은 눈 위에
눈이 올까요
아침 커튼을 열면 눈이 올까요
서두르지 마요 못다 한
얘기가 있어요
잠이 들고 나면 오늘은
어제가 되어버려요
계속 내 곁에만 있어 주면 돼요
약속했죠
눈이 올까요
우리 자는 동안에
눈이 올까요
그대 감은 눈 위에
눈이 올까요
아침 커튼을 열면 눈이 올까요
잘 봐요 밖이 유난히 하얗네요
눈 눈이 와요
눈 눈이 와요
눈이 와요
눈이 와요
창밖에도 눈이 와요
어제 우리 말한 대로
차를 한 잔 내려드릴게요"
남자를 몰라,버즈,"70,265","매번 늦어도 이해할게
누굴 만났니 먼저 묻지 않을게
고집스런 내 사랑
너의 말은 변명이라도 믿고 싶을테니
눈 비비는척 눈물 닦아내고
다음 약속도 잡을 이유 만들지
니 맘보다 한숨과 친해져도
널 보기위해 난 사니까
수 없이 어긋난대도 기다릴게
아무리 가슴 아파도 웃어볼게
떠나선 안돼 서둘러 저버리진 마
날 밀어내도 깊어지는 이 사랑을 봐
내 입을 막아도 세상이 다 아는데
왜 너만 몰라 왜 널 지킬 남자를 몰라
잊어보려고 해도 소용없어
하루도 못가 너만 또 찾는 나인걸
혼자가 더 좋다는 슬픈 니 말
눈물이 자꾸 지워버려
수 없이 어긋난대도 기다릴게
아무리 가슴아파도 웃어볼게
떠나선 안 돼 서둘러 저버리진 마
날 밀어내도 깊어지는 이 사랑을 봐
내 입을 막아도 세상이 다 아는데
왜 너만 몰라 왜 널 지킬 남자를 몰라
니 맘에 누가 있든 괜찮아
한번쯤 못이긴 척 돌아봐
보여줄게 더 많아 쉽게 보낼 수 없어 가지마
널 원해야만 견뎌내는 내 가슴이야
날마다 울어도 볼 때마다 행복해
왜 너만 몰라 왜 강한 내 사랑을 몰라"
그리워하다,비투비,"18,820","My life is incomplete
It's missing you
오늘도 하루를 보내 다를 게 없이
하나도 안 어색해 혼자 있는 게
너 없인 안될 것 같던 내가 이렇게 살아
근데 좀 허전해 난 여전히 거기 있나 봐
후련하게 다 털어내 다 다
지난 일에 마음 쓰는 게 it's alright
답이 잘 보이는가 싶다가도
어느새 날 가두는 감옥이 돼
시간은 앞으로만 가는 걸 어째
그동안 난 아무것도 이룬 것이 없네
아직도 내 마음속엔 너 oh oh
너를 그리워하다 하루가 다 지났어
너를 그리워하다 일 년이 가버렸어
난 그냥 그렇게 살아
너를 그리워하다 그리워하다
다 괜찮을 거라 되뇌어 봐도
내 하루에 끝엔 또 너로 남아
너 없인 안될 것 같던 내가 이렇게 살아
사실 좀 허전해 넌 여전히 여기 있나 봐
내 마음은 여전해 아직 너를 원해
몇 년이 지나도 난 아직 널 그리워해
난 아직 기억해 우리 처음 봤을 때
네 옷차림과 머리 스타일도 다 정확하게
I pray for you every night and day
I hope that someday soon
I can see you once again
아직도 내 마음속엔 너 oh oh
너를 그리워하다 하루가 다 지났어
너를 그리워하다 일 년이 가버렸어
난 그냥 그렇게 살아
너를 그리워하다 그리워하다
잠에서 깨어 헝클어진 머리처럼
내 일상도 꽤나 엉망이 돼버렸어 책임져
아무렇지 않은 척 드리워진 표정도
내 모든 곳에 스며든 네 흔적도 다 책임져
아직도 난 잊을 수 없나 봐
다시 돌아와 줘
또다시 같은 엔딩이라 해도 너
너를 그리워하다 하루가 다 지났어
너를 그리워하다 일 년이 가버렸어
너를 잊으려 하다 하루가 지나가도
너를 지우려 하다 일 년이 가버려도
난 그냥 그렇게 살아
너를 그리워하다 그리워하다
그리워하다 그리워하다"
우리들의 블루스,임영웅,"9,546","잊지는 말아요 함께 했던 날들
눈물이 날 때면 그대 뒤를 돌아보면 돼요
아프지 말아요 쓸쓸한 마음에
힘든 일이 참 많았죠 그대에겐
내가 곁에 있을게요
그댈 위해 노래할게요
잊지 말아요
그댈 위해 약속할게요
언젠가 우리 시간 지나면
알게 되겠죠
그땐 웃을 수 있죠 나 약속할게요
그땐 미소 짓겠죠 작은 행복까지 모두
외롭고 지칠 때 손잡아 줄게요
슬픔이 짙어질 때면 위로해 줄
그 한 사람이 될게요
그대 부디 울지 말아요
슬퍼 말아요
그대에게 빛이 될게요
언젠가 우리 시간 지나면
알게 되겠죠
그땐 웃을 수 있죠 나 약속할게요
폭풍 속에 혼자 남아 헤매도 오
길이 되어 지킬게요 그대
그댈 위해 노래할게요
잊지 말아요
그댈 위해 약속할게요
어두운 길을 밝게 비추는
그대의 빛이 될게요"
"그대가 있는 곳, 언제 어디든",로이킴,794,"아주 멀리에서도
그대가 보이죠
나를 보고 웃으며
손을 흔드네요
다가와서 내 품에
안기는 그대를
항상 웃게 하고 싶어요
그대 어떤 하루도
내게 기대 쉴 수 있길 바래요
그대가 있는 곳 언제 어디든
함께 할게요
어떤 순간이 와도
내 곁에서
항상 웃을 수 있게
내가 이렇게 약속할게요
그대 얼굴에 짙은
그림자가 지면
내 마음은 하루 종일
비가 내리죠
그대 때문에 나는
울고 웃게 돼요
내 모든 맘은
그대 안에 있어요
그대 어떤 하루도
내게 기대 쉴 수 있길 바래요
그대가 있는 곳 언제 어디든
함께 할게요
어떤 순간이 와도
내 곁에서
항상 웃을 수 있게
내가 이렇게 약속할게요
살다가 우리 앞에
어떤 날이 와도
지금 잡은 손
놓지 않을 거죠
그대가 있어서 나는
내일을 꿈꾸게 된 거 같아요
그대는 알까요
내가 얼마나
사랑하는지
나의 세상에 불쑥
들어와줘서 그대 고마워요
오래 머물러요 내 안에서
어떤 날이 와도
우리 행복할 거예요"
달랐을까,PLAVE,"2,948","꽃이 지고 서야
그제서야
봄인 줄 알았네

너무 당연하듯
내 곁에 있어서
그래서

니가 떠나고야
그제서야
사랑인 줄 알았네

너무 당연하게
내 옆에 있어서
그래서

그때 널 붙잡았다면
더 웃어줬더라면 우리
달랐을까

그때 널 안아줬다면
네 손 놓지 않았다면 우리
행복했던 그때로
돌아갈 수 있을까

니가 떠나고야
그제서야
이별인 줄 알았어

너의 빈자리가
한없이 길어서
그래서

그때 널 붙잡았다면
더 웃어줬더라면 우리
달랐을까

그때 널 안아줬다면
네 손 놓지 않았다면 우리
행복했던 그때로 돌아갈 수 있을까

이제 와 수많은 가정을 해봐도
달라지지 않을 걸 잘 알지만
자꾸 그때가 떠올라서 난
또 이렇게 후회하고 있어

널 붙잡았다면 
더 아껴줬더라면 우리
달랐을까

다시 널 볼 수 있다면
아직 늦지 않았다면 우리
사랑했던 그때로 돌아갈 수 있을까"
사막에서 꽃을 피우듯,우디(Woody),"1,901","아침에 눈 뜨는 게 너무 행복해졌어
널 사랑한다 말할 수 있어서 하늘에 감사해
⠀
네 번의 계절을 너와 함께할게
평생토록 더 오래도록 더 영원토록
⠀
음악처럼 꿈처럼
매일 새롭게 사랑을 주고 싶어
지금처럼 곁에 있어 주기를 언제나
⠀
사막에서 꽃을 피우듯 널 만난 건 기적인 걸
설렘이 사라지더라도 이 사랑을 지켜줄게
⠀
허물없이 지내다가도
힘든 날엔 말없이 기댈 수 있게
언제나 네 곁에 내가 서 있을게
⠀
한 걸음 한 걸음
어둡지 않게 내가 널 비춰줄게
지금처럼 곁에 있어 주면 돼 언제나
⠀
사막에서 꽃을 피우듯 널 만난 건 기적인 걸
설렘이 사라지더라도 이 사랑을 지켜줄게
⠀
허물없이 지내다가도
힘든 날엔 말없이 기댈 수 있게
언제나 네 곁에 내가 서 있을게
⠀
너와 함께하는 이 시간이
조금만 더 천천히 흘러가길
⠀
어떤 날엔 웃게 해 줄게
좋은 날엔 더 안아줄게
슬픈 날엔 그냥 울어도 돼
내가 더 노력할게
⠀
허물없이 지내다가도
힘든 날엔 말없이 기댈 수 있게
언제나 네 곁에 내가 서 있을게
⠀
언제나 네 곁에 있을게"
"밤, 바다",최유리,"1,497","우린 고요한 밤바다를 좋아했지
소란한 맘을 감춰줬으니
낮게 부서지는 잔잔한 노래에
가끔 한숨을 잊기도 했지

내게 불어온 바람은 퍽 차가웠지
이미 많은 걸 놓쳐 버렸지
지친 나무 틈에 몸을 숨기기엔
너무 커버린 내가 미웠지

문득 돌아보면 그날에 네 마음이
내겐 얼마나 큰 위로였는지

가끔은 넘어질 거야
오늘은 괜찮을 거야
흐트러진 마음을 쏟아내도 괜찮아

내가 옆에 있을게
넌 말없이 그냥 울어도 돼
흐린 맘이 남지 않게
내가 너의 바다가 되어줄게

나도 몰랐었던 그날의 내 마음에
너는 얼마나 큰 힘이 됐는지

가끔은 넘어질 거야
오늘은 괜찮을 거야
흐트러진 마음을 쏟아내도 괜찮아

내가 옆에 있을게
넌 말없이 그냥 울어도 돼
흐린 맘이 남지 않게
내가 너의 바다가 되어줄게

조금 늦어져도 괜찮아
쉬어가도 좋아
내가 너를 사랑할게

다시 아침이 오면
조금은 괜찮을 거야
하루만큼 우리가 어른이 됐으니까

내가 옆에 있을게
넌 말없이 내게 기대도 돼
지친 맘이 닿는 곳에
내가 너의 그 밤이 되어줄게

고마웠어 내 어린 밤들아"
나무,카더가든,"6,307","인사 하네요 근심없게
나 아름다운 방식으로
무딘 목소리와
어설픈 자국들
날 화려하게 장식해줘요
그대 춤을 추는 나무 같아요
그 안에 투박한 음악은 나예요
네 곁에만 움츠린
두려움들도
애틋한 그림이 되겠죠
그럼 돼요
웃어 줄래요 사진처럼
수줍은 맘이 다 녹아내리게
무력한 걸음과
혼잡한 TV 속
세상없이 또 울기도 해요
그대 춤을 추는 나무 같아요
그 안에 투박한 음악은 나예요
네 곁에만 움츠린
두려움들도
애틋한 그림이 되겠죠
그럼 돼요
밤새 모아둔 아스라이 쌓인
고운 마음도 다 가져가세요
언제든 꺼내 볼 수 있죠
그대 춤을 추는 나무 같아요
그 안에 투박한 음악은 나예요
네 곁에만 움츠린
두려움들도
애틋한 그림이 되겠죠
그럼 돼요"
...사랑했잖아...,린(LYn),"44,268","나만 원한다 했던 말도
지켜준다던 약속들도
아무렇지 않은 표정으로 버리고 있잖아
너만 바라본 많은 날들
물거품이 돼버린 오늘
또 아무렇지 않게 웃고있을 너잖아
정말 좋았잖아 행복했었잖아
가슴아픈 그런 일들도 견뎌냈던 우리잖아
제발 그러지마라
아직 사랑하는 날
너도 알고 있잖아
매일밤 울며 전화하는 날
낮설만큼 차가운
니 목소릴 들어도 오
바보처럼 난 너를 못잊어 이렇게
알면서도 시작한 만남
그녀에게 미안한 맘만
하루하루 지날수록 커진 내 헛된 욕심들
많이 부담스러웠겠지
니 자릴 찾으려 했겠지
난 알고 있었어 닫혀진 너의 마음을 음
정말 좋았잖아 행복했었잖아
가슴아픈 그런 일들도 견뎌냈던 우리잖아
제발 그러지마라
아직 사랑하는 날
너도 알고 있잖아
매일밤 울며 전화하는 날
낮설만큼 차가운 니 목소릴 들어도 오
바보처럼 난 니가 행복하길 바래
다시 나에게 돌아올 기회가 온다면
놓치지 않을텐데
니손 꼭 잡을텐데
니가 원했던 만큼
많이 원했던 만큼
잘해주지 못한날
미안해 용서해 이해해줘
끝까지 이기적인거
이것도 이해해줄래 우
바보같은 날 마지막까지 이렇게 음
마지막 까지 음
미안해"
잠시라도 우리,성시경,"2,173","가까스레 잠이 들다 애쓰던 잠은 떠났고
아직 타는 별 과거의 빛은 흐르고
몇 번의 사막을 거쳐 몇 번의 우기를 거쳐
고요를 거쳐 이제야 추억이 된 기억들
떠나간 모든 것은 시간따라 갔을 뿐
우릴 울리려 떠나간건 아냐 너도 같을거야
십년쯤 흘러가면 우린 어떻게 될까
만나지긴 할까 어떻게 서로를 기억해줄까
그걸로 충분해 서로 다른 그곳에서
잠시라도 우리 따뜻한 시간을 갖는다면
떠나간 모든 것은 시간따라 갔을 뿐
우릴 울리려 떠나간건 아냐 너도 같을거야
십년쯤 흘렀다고 그렇게 생각해봐
그때에 터트릴 웃음을 지금 질 수 있잖아
그걸로 충분해 서로 다른 그곳에서
잠시라도 우리 따뜻한 시간을 갖는다면
십년쯤 흘러가면 우린 어떻게 될까
만나지긴 할까 어떻게 서로를 기억해줄까
그걸로 충분해 서로 다른 곳에서
잠시라도 우리 따뜻한 시간을 갖는다면"
취중고백,김민석,"5,122","뭐하고 있었니 늦었지만
잠시 나올래
너의 집 골목에 있는
놀이터에 앉아 있어 
친구들 만나서 오랜만에 
술을 좀 했는데 
자꾸만 니 얼굴 떠올라 
무작정 달려왔어 
이 맘 모르겠니 
요즘 난 미친 사람처럼 
너만 생각해 
대책없이 네가 점점 좋아져 
아냐 안 취했어 진짜야 
널 정말 사랑해 
눈물이 날만큼 원하고 있어
정말로 몰랐니
가끔 전화해 장난치듯 
주말엔 뭐할거냐며
너의 관심 끌던 나를 
그리고 한번씩 누나 주려 샀는데
너 그냥 준다고
생색 낸 선물도 너 때문에 산거야
이 맘 모르겠니
요즘 난 미친 사람처럼 
너만 생각해 
대책없이 네가 점점 좋아져 
아냐 안 취했어 진짜야 
널 정말 사랑해 
진심이야 믿어줘 
갑자기 이런 말 놀랐다면 미안해 
부담이 되는게 당연해 
이해해 널 
하지만 내 고백도 이해해 주겠니 oh
지금 당장 대답하진마
나와 일주일만 사귀어줄래 
후회없이 잘 해주고 싶은데 
그 후에도 니가 싫다면 
나 그때 포기할게
귀찮게 안할게 혼자 아플게 
진심이야 너를 사랑하고 있어"
다시 사랑한다 말할까,김동률,"120,124","마치 어제 만난 것처럼
잘있었냐는 인사가 무색할 만큼
괜한 우려였는지
서먹한 내가 되려 어색했을까

어제 나의 전활 받고서
밤새 한숨도 못 자 엉망이라며
수줍게 웃는 얼굴 
어쩌면 이렇게도 그대로일까

그땐 우리 너무 어렸었다며
지난 얘기들로 웃음 짓다가
아직 혼자라는 너의 그 말에
불쑥 나도 몰래 가슴이 시려

다시 사랑한다 말할까
조금 멀리 돌아왔지만 기다려왔다고 
널 기다리는 게 나에게 제일 쉬운 일이라
시간이 가는 줄 몰랐다고

다시 사랑한다 말할까 
여전히 난 부족하지만 받아주겠냐고
널 사랑하는 게 내 삶에 전부라
어쩔 수 없다고 말야

그땐 사랑인줄 몰랐었다며
가끔 내 소식을 들을 때마다
항상 미안했단 너의 그 말에
불쑥 나도 몰래 눈물이 흘러

다시 사랑한다 말할까
언젠가는 내게 돌아올 운명이었다고
널 잊는다는 게 나에게 제일 힘든 일이라
생각조차 할 수 없었다고

다시 사랑한다 말할까
좋은 친구처럼 편하게 받아주겠냐고
다시 태어나도 널 사랑하는 게 
내 삶에 이유란 말야

다시 사랑한다 말할까
조금 멀리 돌아왔지만 기다려왔다고 
널 기다리는 게 나에겐 제일 쉬운 일이라
시간이 가는 줄 몰랐다고

다시 사랑한다 말할까
여전히 난 부족하지만 받아주겠냐고
널 사랑하는 게 내 삶에 전부라
어쩔 수 없다고 말야"
좋니,윤종신,"30,073","이제 괜찮니 너무 힘들었잖아
우리 그 마무리가 고작 이별뿐인 건데
우린 참 어려웠어
잘 지낸다고 전해 들었어 가끔
벌써 참 좋은 사람
만나 잘 지내고 있어
굳이 내게 전하더라
잘했어 넌 못 참았을 거야
그 허전함을 견뎌 내기엔
좋으니 사랑해서 사랑을 시작할 때
니가 얼마나 예쁜지 모르지
그 모습을 아직도 못 잊어
헤어 나오지 못해
니 소식 들린 날은 더
좋으니 그 사람 솔직히 견디기 버거워
니가 조금 더 힘들면 좋겠어
진짜 조금 내 십 분의 일 만이라도
아프다 행복해줘
억울한가 봐 나만 힘든 것 같아
나만 무너진 건가
고작 사랑 한번 따위 나만 유난 떠는 건지
복잡해 분명 행복 바랬어
이렇게 빨리 보고 싶을 줄
좋으니 사랑해서 사랑을 시작할 때
니가 얼마나 예쁜지 모르지
그 모습을 아직도 못 잊어
헤어 나오지 못해
니 소식 들린 날은 더
좋으니 그 사람 솔직히 견디기 버거워
너도 조금 더 힘들면 좋겠어
진짜 조금 내 십 분의 일 만이라도
아프다 행복해줘
혹시 잠시라도 내가 떠오르면
걘 잘 지내 물어 봐줘
잘 지내라고 답할 걸 모두 다
내가 잘 사는 줄 다 아니까
그 알량한 자존심 때문에
너무 잘 사는 척
후련한 척 살아가
좋아 정말 좋으니
딱 잊기 좋은 추억 정도니
난 딱 알맞게 사랑하지 못한
뒤끝 있는 너의 예전 남자친구일 뿐
스쳤던 그저 그런 사랑"
오늘도 빛나는 너에게 (To You My Light) (Feat.이라온),마크툽(MAKTUB),"12,941","별빛이 내린 밤
그 풍경 속 너와 나
날 새롭게 하는
따뜻하게 만드는
니 눈빛 니 미소
영원히 담아둘게
너로 가득한 맘
널 닮아가는 나
날 위한 선물
꿈보다 더 아름다운
서로의 품에서
끝 없는 밤을 걷자
나의 모든 날들을 다 주고싶어
내 이 맘을 모두 전하고 싶어
잠들지 못한
푸른 바람들
이렇게 밝게 이 밤을 비춰
너와 작은 일상을 함께 하는게
내 가장 큰 기쁨인걸 넌 알까
내 세상 속에
넌 빛이 되어
지금 모습 그대로 내 곁에만
행복이 짙은 날
어둠이 없는 밤
같은 맘 속에
같은 꿈이 피어난 건
우리의 정해진
운명이 맞닿은거야
나의 모든 날들을 다 주고싶어
내 이 맘을 모두 전하고 싶어
잠들지 못한
푸른 바람들
이렇게 밝게 이 밤을 비춰
너와 작은 일상을 함께 하는게
내 가장 큰 기쁨인걸 넌 알까
내 세상 속에
넌 빛이 되어
지금 모습 그대로 내 곁에만
내게 온 너란 빛이 눈 부셔도
네 앞에서 한 순간도 눈 감지 않아
다가올 시간도
계절의 바람도
널 데려가지 못하게
내가 더 좋은 사람이 되고 싶어
더 아름답게 널 안을 수 있게
잠들지 못한
잠들 수 없는
바람들이 널 부르고 있어
언제까지나 너와 함께 할거야
내 마지막 숨결도 너일거야
내 세상 속에
넌 빛이 되어
지금 모습 그대로 내 곁에만
이렇게 밝게 이 밤을 비춰"
꿈결같아서,민니 ((여자)아이들),869,"내 맘과 같지 않아서
결국 놓아버렸던 
그때 그날 우리의 밤이 떠오르고 

기억의 계단을 걸어 
네 이름을 부르면 
다시 선명해지나 봐

기다린 걸까 
흩어진 시간속에
어느샌가 내곁에 다가온
그대 향기가 

사라지지 않게
멀리 가지 않을게
꼭 잡은 두 손을 놓지마 

지금 이 순간 everything 
with you
널 안을지도 몰라 
Be with you

모든게 꿈결같아서 
조금 그리워했던 
짙은 새벽공기와 우리의 이야기 

기억 하고 있을까
너를 떠올릴때면
점점 선명해지는 you are my 

everything to me
흩어진 시간속에
어느샌가 내곁에 다가온
그대 향기가 

사라지지 않게
멀리 가지 않을게
꼭 잡은 두 손을 놓지마 

지금 이 순간 everything 

달이 뜨고 지는 지친 하루의 끝에
나를 잡아줘 나를 채워줘
춤을 추듯이 그대 

기다린 걸까 
흩어진 시간속에
어느샌가 내곁에 다가온
그대 향기가 

사라지지 않게
멀리 가지 않을게
꼭 잡은 두 손을 놓지마 

지금 이 순간 everything 
with you
널 안을지도 몰라 
Be with you
My everything"
사랑할 수밖에,볼빨간사춘기,"1,232","간지러웠어 널 보는 내 손이
다 주고 싶었어 내 안에 남은 사랑까지
지켜 주고 싶었어
널 감싼 세상이 혹여나 너를 아프게 하진 않을까 하고

난 더 아름다운 사람이 되어 널 지켜 줄 거야
널 사랑할 수밖에 없는 날 알잖아
멀리서 바라만 봐도 마음이 아픈
모질게도 끝없는 사랑을 어떻게 할 수 없어
두 손을 꼭 쥘 뿐이야

당황스러웠어 내 고인 눈물이
감추고 싶었어 내 안에 남은 욕심들을
한걸음 물러섰어 네 여린 마음에
혹여나 널 더 아프게 하진 않을까 하고

난 더 아름다운 사람이 되어 널 지켜 줄 거야
널 사랑할 수밖에 없는 날 알잖아
멀리서 바라만 봐도 마음이 아픈
모질게도 끝없는 사랑을 어떻게 할 수 없어
두 손을 꼭 쥘 뿐이야

눈부시게 빛이 나는 그댈 보면
내 시간은 영원이 돼요
닳고 닳아도 사랑할 수밖에

난 더 아름다운 사람이 되어 널 지켜 줄 거야
널 사랑할 수밖에 없는 날 알잖아
멀리서 바라만 봐도 마음이 아픈
모질게도 끝없는 사랑을 어떻게 할 수 없어
두 손을 꼭 쥘 뿐이야"
그대라는 시,태연 (TAEYEON),"11,437","언제부터인지 그대를 보면
운명이라고 느꼈던 걸까
밤하늘의 별이 빛난 것처럼
오랫동안 내 곁에 있어요
그대라는 시가 난 떠오를 때마다
외워두고 싶어 그댈 기억할 수 있게
슬픈 밤이 오면 내가 그대를 지켜줄게
내 마음 들려오나요
잊지 말아요
지나가는 계절 속에 내 마음은
변하지 않는단 걸 아나요
그저 바라보는 눈빛 그 하나로
세상을 다 가진 것 같은데
그대라는 시가 난 떠오를 때마다
외워두고 싶어 그댈 기억할 수 있게
슬픈 밤이 오면 내가 그대를 지켜줄게
내 마음 들려오나요
잊지 말아요
꽃이 피고 지는 날이 와도
이것 하나만 기억해줘요
그댈 향한 마음을
언젠가는 우리
멀어질지 몰라도
나는 그대라면 기다릴 수 있을 텐데
시간이 흘러도 내가 이곳에 서 있을게
그대 망설이지 말아요
그때가 오면"
드라마,아이유(IU),"6,561","나도 한때는 그이의 손을 잡고
내가 온 세상 주인공이 된 듯
꽃송이의 꽃잎 하나하나까지
모두 날 위해 피어났지
올림픽대로 뚝섬 유원지
서촌 골목골목 예쁜 식당
나를 휘청거리게 만든
주옥같은 대사들
다시 누군가 사랑할 수 있을까
예쁘다는 말 들을 수 있을까
하루 단 하루만 기회가 온다면
죽을힘을 다해 빛나리
언제부턴가 급격하게
단조로 바뀌던 배경음악
조명이 꺼진 세트장에
혼자 남겨진 나는
단역을 맡은 그냥 평범한 여자
꽃도 하늘도 한강도 거짓말
나의 드라마는 또 이렇게 끝나
나왔는지조차 모르게
끝났는지조차 모르게"
기다리다,윤하(Younha/ユンナ),"18,597","어쩌다 그댈 사랑하게 된 거죠 
어떻게 이렇게 아플 수 있죠 
한번 누구도 이처럼 원한 적 없죠 
그립다고 천 번쯤 말해보면 닿을까요 
울어보고 떼쓰면 그댄 내 마음 알까요 

그 이름 만 번쯤 미워해볼까요 
서운한 일들만 손꼽을까요 
이미 사랑은 너무 커져 있는데 
그댄 내가 아니니 내 맘 같을 수 없겠죠 
그래요 내가 더 많이 좋아한 거죠 

아홉 번 내 마음 다쳐도 한번 웃는 게 좋아 
그대 곁이면 행복한 나라서 
싫은 표정 한번 조차도 편히 지은 적 없죠
그대 말이면 뭐든 다 할 듯 했었죠 

천년 같은 긴 기다림도 그댈 보는 게 좋아 
하루 한 달을 그렇게 일 년을 
오지 않을 그댈 알면서 또 하염없이 뒤척이며 
기다리다 기다리다 잠들죠 
  
나 언제쯤 그댈 편하게 볼까요 
언제쯤 이 욕심 다 버릴까요 
그대 모든 게 알고 싶은 나인데 
언제부터 내 안에 숨은 듯이 살았나요 
꺼낼 수조차 없는 깊은 가시가 되어 

아홉 번 내 마음 다쳐도 한번 웃는 게 좋아 
그대 곁이면 행복한 나라서 
싫은 표정 한번 조차도 편히 지은 적 없죠
그대 말이면 뭐든 다 할듯 했었죠 

천년 같은 긴 기다림도 그댈 보는 게 좋아 
하루 한 달을 그렇게 일 년을 
오지 않을 그댈 알면서 또 하염없이 뒤척이며 
기다리다 기다리다 잠들죠 

그댈 위해 아끼고 싶어 누구도 줄 수 없죠 
나는 그대만 그대가 아니면 
혼자인 게 더 편한 나라 또 어제처럼 이곳에서 
기다리고 기다리는 나예요"
물론,허각,"1,365","가진 게 그리 많진 않아
어쩌면 많이 부족할지 몰라
가끔 나와 다투기도 하겠지만
주위를 둘러보면 네게
나보다 좋은 사람 많겠지만
널 사랑하는 맘 나 그것만큼은 자신 있는 걸
내리는 비를 막아 줄 수는 없지만
비가 오면 항상 함께 맞아 줄게
힘든 일이 있어도 기쁜 일이 있어도 함께 할게
물론 모든 걸 다 줄 수는 없지만
작은 행복에 미소 짓게 해 줄게
무슨 일이 있어도 너의 편이 돼줄게 언제까지나
세상이 그리 쉽지 않아
몇 번씩 넘어지곤 할지 몰라
꼭 잡은 두 손만 놓치지 않고선 함께 가면 돼
내리는 비를 막아 줄 수는 없지만
비가 오면 항상 함께 맞아 줄게
힘든 일이 있어도 기쁜 일이 있어도 함께 할게
물론 모든 걸 다 줄 수는 없지만
작은 행복에 미소 짓게 해 줄게
무슨 일이 있어도 너의 편이 돼줄게 언제까지나"
그때 헤어지면 돼,로이킴,"16,545","나를 사랑하는 법은 어렵지 않아요
지금 모습 그대로 나를 꼭 안아주세요
우리 나중에는 어떻게 될진 몰라도
정해지지 않아서 그게 나는 좋아요
남들이 뭐라는 게 뭐가 중요해요
서로가 없음 죽겠는데 뭐를 고민해요
우리 함께 더 사랑해도 되잖아요
네가 다른 사람이 좋아지면
내가 너 없는 게 익숙해지면
그때가 오면 그때가 되면
그때 헤어지면 돼
너를 사랑하는 법도 어렵지 않아요
한 번 더 웃어주고 조금 더 아껴주면
우리 사랑하는 법도 어렵지 않아요
매일 처음 만난 눈빛으로
서로를 바라봐 주면
남들이 뭐라는 게 뭐가 중요해요
서로가 없음 죽겠는데 뭐를 고민해요
우리 함께 더 사랑해도 되잖아요
네가 다른 사람이 좋아지면
내가 너 없는 게 익숙해지면
그때가 오면 그때가 되면 그때
그때 그때
네가 원하든 말든 널 잡을 거고
내가 더 이상 지쳐 걷지 못할 때
그때가 오면 그때가 되면
그때 헤어지면 돼
그때 헤어지면 돼"
...사랑했잖아...(2024),고경표,136,"나만 원한다 했던 말도
지켜준다던 약속들도
아무렇지 않은 표정으로
버리고 있잖아
너만 바라본 많은 날들
물거품이 돼버린 오늘
또 아무렇지 않게 웃고있을 너잖아
정말 좋았잖아 행복 했었잖아
가슴아픈 그런 일들도
견뎌냈던 우리잖아
제발 그러지마라 아직 사랑하는 날
너도 알고 있잖아
매일밤 울며 전화하는 날
낯설만큼 차가운 니 목소릴 들어도
바보처럼 난 너를 못잊어 이렇게

알면서도 시작한 만남
그녀에게 미안한 맘만
하루하루 지날수록 커진
내 헛된 욕심들
많이 부담스러웠겠지
니 자릴 찾으려 했겠지
난 알고 있었어
닫혀진 너의 마음을
정말 좋았잖아 행복 했었잖아
가슴아픈 그런 일들도
견뎌냈던 우리잖아
제발 그러지마라 아직 사랑하는 날
너도 알고 있잖아
매일밤 울며 전화하는 날
낯설만큼 차가운 니 목소릴 들어도
바보처럼 난 니가 행복하길 바래
다시 나에게 너라는 기회가 온다면
놓치지 않을텐데 니 손 꼭 잡을텐데
많이 원했던 만큼
잘해주지 못한 날
미안해 용서해 이해해줘
끝까지 이기적인거
이것도 이해해줄래
바보같은 날 마지막까지 이렇게 
미안해"
Christmas Tree,V,"5,277","In this moment
I see you
It always comes around
As I believed
When the rain stops
You shine on me
Your light's the only thing
that keeps the cold out
Moon in the summer night
Whispering of the stars
They're singing like Christmas trees for us
So I'll tell you
A Million tiny things that
You have never known
It all gets tangled up inside
And I'll tell you
A Million little reasons
I'm falling for your eyes
I just want to be where you are
It's such a strange thing to do
Sometimes I don't understand you
But It always brings me back
To where you are
혹시 아니
너에겐 나만 아는 모습이 있어
한여름밤 오는 첫눈같이
믿기지 않는 기적 같은 놀라운 순간 넌
언젠가 또
불어온 바람에
마음이 날아다녀도
기다릴게
So I'll tell you
A Million tiny things that
You have never known
It all gets tangled up inside
And I'll tell you
A Million little reasons
I'm falling for your eyes
I just want to be where you are
Tell you
A Million tiny things that
You have never known
It all gets tangled up inside
Tell you
A Million little reasons
I'm falling for your eyes
I just want to be where you are"
응급실,izi,"29,873","후회 하고 있어요
우리 다투던 그날
괜한 자존심 때문에
끝내자고 말을 해버린거야

금방 볼 줄 알았어
날 찾길 바랬어
허나 며칠이 지나도
아무 소식조차 없어

항상 내게 너무 잘해줘서
쉽게 생각했나봐
이젠 알아 내 고집 때문에
힘들었던 너를

이 바보야 진짜 아니야
아직도 나를 그렇게 몰라
너를 가진 사랑 나밖에 없는데
제발 나를 떠나가지마

언제라도 내 편이 되어준 너
고마운 줄 모르고
철없이 나 멋대로 한 거
용서할 수 없니

이 바보야 진짜 아니야
아직도 나를 그렇게 몰라
너를 가진 사랑 나밖에 없는데
제발 떠나가지마

너 하나만 사랑하는데
이대로 나를 두고 가지마
나를 버리지마 그냥 날 안아줘
다시 사랑하게 돌아와"
마음을 드려요,아이유(IU),"11,813","당신에게 드릴 게 없어서
나의 마음을 드려요
그대에게 받은 게 많아서
표현을 다 할 수가 없어요
나지막한 인사에
수많은 내 마음 고이 담아
그대에게로 건네면
내 마음 조금 알까요
어떤 이유로 만나
나와 사랑을 하고
어떤 이유로 내게 와
함께 있어준 당신
부디 행복한 날도
살다 지치는 날도
모두 그대의 곁에 내가
있어줄 수 있길
어떤 소식 보다 더
애타게 기다려지는 그대
엇갈리지 않게 여기
기다릴게요
눌러 적은 편지에
수많은 그리움 고이 담아
그대 내게로 올 때면
그 손에 쥐어줄게요
어떤 이유로 만나
나와 사랑을 하고
어떤 이유로 내게 와
함께 있어준 당신
부디 행복한 날도
살다 지치는 날도
모두 그대의 곁에 내가
있어줄 수 있길
네 번의 모든 계절들과
열두 달의 시간을 너와
숨이 차게 매일
사랑하며 함께 할게
어떤 이유로 만나
우리 사랑을 했던
지금 이 순간처럼
매일 바라보며
애써주기를
부디 행복한 날도
살다 지치는 날도
모두 그대의 곁에 내가
있어줄 수 있길
부디
추억만 남지 않길 너완"
여전히 아름다운지 (feat. 김연우),토이(Toy),"94,425","첨엔 혼자라는게 편했지
자유로운 선택과 시간에
너의 기억을 지운 듯 했어
정말 난 그런줄로 믿었어

하지만 말야 이른 아침 혼자
눈을 뜰때 내 곁에
니가 없다는 사실을 알게 될 때면
나도 모를 눈물이 흘러

변한 건 없니 날 웃게 했던
예전 그 말투도 여전히 그대로니
난 달라졌어 예전만큼 웃질 않고
좀 야위었어 널 만날때보다

나를 이해해준 지난 날을
너의 구속이라 착각했지
남자다운 거라며
너에겐 사랑한단 말조차 못했어

하지만 말야 빈 종이에 가득
너의 이름 쓰면서
네게 전활 걸어 너의 음성 들을 때
나도 모를 눈물이 흘러

변한 건 없니 내가 그토록
사랑한 미소도 여전히 아름답니
난 달라졌어 예전만큼 웃질 않고
좀 야위었어 널 만날때보다

그는 어떠니 우리 함께한 날들
잊을 만큼 너에게 잘해주니
행복해야돼 나의 모자람 채워줄
좋은 사람 만났으니까"
해요 (2022),#안녕,"2,317","그녀와 나는요 그땐 참 어렸어요
많이 사랑했고 때론 많이 다퉜었죠
지금 생각하면 모두 내 잘못이죠
마지막 그날도 그녀는 울었어
나는 그녈 잡지 못했죠
지금까지도 너무 후회가 돼요
그 후로 누굴 사랑한 적 없어 아직은
그녀와 나는요
언젠가 만날 거죠
변해버린 모습 변해버린 시간 속에
하지만 괜찮아 내 눈엔 아름답던
예전 모습 그대로 일 거예요
그녀도 날 못 잊을 거야 나는 믿어요
그만큼 사랑했죠
그래서 우린 한 번은 만나야만 해요
그녀의 친구라도 이 노랠 듣는다면
그녀에게 전해줘요
내가 아직 사랑한다고
우리가 처음 만난 그 시간 그 자리에
내가 매일 기다린다고
언제라도
그녀도 날 못 잊을 거야 나는 믿어요
그만큼 사랑했죠
그래서 우린 한 번은 만나야만 해요
그녀의 친구라도 이 노랠 듣는다면
그녀에게 전해줘요
내가 아직 사랑한다고
우리가 처음 만난 그 시간 그 자리에
내가 매일 기다린다고
그녀의 친구라도 이 노랠 듣는다면
그녀에게 전해줘요
내가 아직 사랑한다고
우리가 처음 만난 그 시간 그 자리에
내가 매일 기다린다고
내가 매일 기다린다고"
멈춰줘,헤이즈(Heize),855,"비겁해, 난 또 뒤돌아 너에게 등을져
지금도 이렇게 많은 말을 삼킨채
단 한발자국 거리만 남긴채

대답해, 나는 뭘 너에게 해주면 될까
무섭게 너에게만을 향해 가는데
저 앞에 니가 있는걸 아는데

멈춰줘, 제발 나를 여기서
너에게 뛰어가는 날 멈춰줘
나는 너를 잊는 법을
니가 없는 나의 길은
모르니
날 멈춰줘

소중해
네겐 모든걸
다 주고 싶었어

미안해
턱없이 모자란건 알지만

내 마음이 널 그리워해
아니 그립다 못해 아파해

사소한 실랑이도
죽을만큼 다툰 일도
난 이젠 없으면 안돼

멈춰줘, 제발 나를 여기서
너에게 뛰어가는 날 멈춰줘
나는 너를 잊는 법을
니가 없는 나의 길은
모르니

니가 없는 그 빈자릴 따라
이 순간에도 난 너에게 가는 꿈을 꿔
난 또

나의 모두는 너의것
내게 하나 남은건
너의 이름 기억

멈춰줘, 제발 나를 여기서
너에게 뛰어가는 날 멈춰줘
나는 너를 잊는 법을
니가 없는 나의 길은
모르니
날 멈춰줘"
To Heaven (천국으로 보낸 편지),허각,183,"괜찮은 거니 어떻게 지내는 거야
나 없다고 또 울고 그러진 않니
매일 꿈속에 찾아와 재잘대던 너
요즘은 왜 보이질 않는 거니
혹시 무슨 일이라도 생겼니
내게 올 수 없을 만큼 더 멀리 갔니
니가 없이도 나 잘 지내 보여
괜히 너 심술 나서 장난친 거지
비라도 내리면 구름 뒤에 숨어서
니가 울고 있는 건 아닌지 걱정만 하는 내게
제발 이러지 마 볼 수 없다고
쉽게 널 잊을 수 있는 내가 아닌 걸 잘 알잖아
혹시 니가 없어 힘이 들까 봐
니가 아닌 다른 사랑 만날 수 있게
너의 자릴 비워둔 것이라면
그 자린 절망밖에 채울 수 없어
미안해하지 마 멀리 떠나갔어도
예전처럼 니 모습 그대로 내 안에 가득한데
그리 오래 걸리진 않을 거야
이별이 없는 그곳에 우리 다시 만날 그날이
그때까지 조금만 날 기다려 줘"
라일락,이무진,79,"오늘도 너를 그리며 
지는 내기를 하네
그 꽃은 필 거라고

내 마음 깊은 곳에서 
작고 아득한 별이
유난히 빛나네

별빛에 너를 찾아 
달려가 너를 안는다

You're falling me down
You're raising me up
오랜 시간들이 엇갈려 지나갔어 
덧없이
 
Can't live without you
You can count on me from now on
I'm just wondering you
And just wandering into your way
이제 날 알아봐 줄래

점점 희미해지는 
추억의 단편들을
붙잡고서

You're letting me down
Then caring my mind
오랜 시간들이 한없이 지나갔어
너 없이 
Not any more

Can't live 
You can count on me from now on
As I'm moving on you
You can come over to my mind
이제 마주하게 되네

오늘은 너를 만나서 
이긴 내기를 하네 
그 꽃은 피어있네"
Winter Ahead (with 박효신),V,425,"Lie with me
By the fire
We can be
Safe from the storms up high
There's a winter ahead
If it's cold and wet
We're always warm here side by side

Come what may
Change of heart
Who can say
If you look in my eyes
For the moon and the stars 
Hearing strumming guitars
Well, I admit that it'd be nice

I'll be with you
Until the spring runs by 
And the summer starts to burn

I'll be with you
When the autumn wind returns

Don't you want to say you'll stay?

Lie with me
By the fire
We can be
Safe from the storms up high

There's a winter ahead
Whether it's cold and wet
We're always warm in paradise
Paradise

I'll be with you
Until the spring runs by
And the summer starts to burn

And I'll be with you
When autumn returns
Yes, when all the seasons turn

Come what may
Change of heart
Who can say
If you look in my eyes
For the truth in my heart
From a world far apart
You'll realize where you can find
Paradise
Paradise"
Timeless,SG워너비,"56,745","어쩜 살아가다 보면 한 번은 날 찾을지 몰라
나 그 기대 하나로 오늘도 힘겹게 버틴 걸
난 참 기억력도 좋지 않은데 왜 너에 관한 건 
그 사소한 추억들까지도 생각이 나는지

너를 잊을 순 없지만 붙잡고 싶지만
이별 앞에서 할 수 있는 건
좋은 기억이라도 남도록 편히 보내주는 일

혼자 남아도 괜찮아 가도 괜찮아 
세상에 제일 자신있는 건
내가 언제나 그래왔듯이 너를 기다리는 일

어쩜 살아가다보면 한 번은 날 찾을지 몰라
난 그 기대 하나로 오늘도 힘겹게 버틴 걸
부디 하루빨리 좋은 사람과 행복하길 바래
그래야만 내 마음 속에서 널 보낼 것 같아

너를 잊을 순 없지만 붙잡고 싶지만
이별 앞에서 할 수 있는 건
좋은 기억이라도 남도록 편히 보내주는 일

이젠 멀어져 가지만 잠시였지만 
태어나 처음 잘한 듯한 건
내겐 아무리 생각해봐도 너를 사랑했던 일

서로가 하나씩 이별의 선물을 나눠간 거잖아
난 마음을 준 대신 넌 내게 추억을 준 거야

다시 또 나를 살아가게 할 거야 

날 아프게 했지만 울게 했지만 
이것 하나만큼은 고마워
눈 감는 그날 내가 가져갈 추억 만들어줘서..."
안아줘,정준일,"20,429","서러운 맘을 못 이겨
잠 못 들던 어둔 밤을 또 견디고
내 절망관 상관없이
무심하게도 아침은 날 깨우네

상처는 생각보다 쓰리고
아픔은 생각보다 깊어가
널 원망하던 수많은 밤이 내겐 지옥같아

내 곁에 있어줘 내게 머물러줘
네 손을 잡은 날 놓치지 말아줘
이렇게 니가 한걸음 멀어지면 
내가 한걸음 더 가면 되잖아

하루에도 수천번씩 
니 모습을 되뇌이고 생각했어
내게 했던 모진 말들
그 싸늘한 눈빛 차가운 표정들.

넌 참 예쁜 사람 이었잖아
넌 참 예쁜 사람 이었잖아
제발 내게 이러지 말아줘 넌 날 잘 알잖아

내 곁에 있어줘 내게 머물러줘
네 손을 잡은 날 놓치지 말아줘
이렇게 니가 한걸음 멀어지면 
내가 한걸음 더 가면 되잖아

내겐 내가 없어 난 자신이 없어
니가 없는 하루 견딜 수가 없어
이젠 뭘 어떻게 해야 할지 
모르겠어 니가 없는 난

그냥 날 안아줘 나를 좀 안아줘
아무 말 말고서 내게 달려와줘
외롭고 불안하기만 한 맘으로
이렇게 널 기다리고 있잖아 

난 너를 사랑해 난 너를 사랑해
긴 침묵 속에서 소리 내 외칠게
어리석고 나약하기만 한 내 마음을"
내 입술... 따뜻한 커피처럼,샵(S#arp),"116,342","If you've ever been in love before
I know you feel this beat
If you know it
Don't be shy
and sing along
울지마 이미 지난일이야
삶의 반칙선위에 점일 뿐이야
살아가면서 누구나 겪는 일이야
어른이 되는 단지 과정일뿐야
YO 단지 과정일뿐야
제발 이러지말아요 끝이라는 얘기
나는 항상 시작인걸요
그댈 사랑하는 마음 점점 커져가고
있는날 잘알잖아요
네가 밟고 걷는 땅이 되고 싶던난
잠시라도 네입술 따뜻하게 데워준
커피가 되어주고 싶었었던 난
아직도 널 울리고 있을거야 아마도 난
사랑해 사랑하는 마음 말고 왜
이렇게도 너무 필요한게 많은건지 왜
지금 널 만나고 있지 않아도 널
울리고 있을 내가 나는 왜이리도 싫은건지
나를 많이 알잖아요
그댈 사랑하며 나를 모두 버렸다는걸
혼자 울며 걷는 나를 모르나요
그러니 제발 이러지마요
hey girl you please tell me why
no you don't have to lie and it hurts me.
in side but I want you to know ha! ha!
그래 어느 하늘아래 안에
작은 내사랑 이젠 나의 사랑한단 말도
의미도 잠시 우리의 힘들었던
지나간 나의 넌 (키리 위리)
우리의 (키리 위리)
돌릴 수 없는 우리
I Know 이제는 돌리지 못할 거란 걸
You Know 아니 너를 사랑한단 걸
오래전 노래처럼 오래 오래 널 간직할래 그래
너만을 위한 나의 사랑은 이래
Remember I miss you
난 하지만 행복해
이젠 넌 잘 할수 있을테
니깐 연습이 힘들었던만큼 다음엔 꼭 나
같은 남자는 피해갈테니..
자상하고 부드럽고 따뜻한 남자였음 좋겠어
너의 부모님 마음 충분히 만족시켜드리고
편하게 해드릴수 있는
단 한방울의 눈물없이
단 한번의 아픔없이
상처없이 너무 편안한 사랑을 했음 좋겠어
꿈에서라도 싫어요
떠나지 말아요
나는 죽을지도 몰라요
이대로 행복한걸요 모르겠나요
아무것도 바라지 않아
지나간 사랑으로 날 그대의
추억속에서 살게할건가요
사랑은 계속 커져갈텐데
이대로 나를 정말 보낼건가요
울지마 이미 지난일이야
버틸수 없을만큼 힘들겠지만
삶의 반칙선위에 점일뿐이야
어느때보다도 긴 시간이겠지만
살아가면서 누구나 겪는일이야
쉽게 받아 들일수는 없겠지만
어른이 되는 단지 과정일뿐야
YO 단지 과정일뿐야"
그때 그 아인,김필(Kim Feel),"7,032","길었던 하루 그림잔
아직도 아픔을 서성일까
말없이 기다려 보면
쓰러질 듯 내게 와 안기는데
마음에 얹힌 슬픈 기억은
쏟아낸 눈물로는 지울 수 없어
어디서부터 지워야 할까
허탈한 웃음만이
가슴에 박힌 선명한 기억
나를 비웃듯 스쳐 가는 얼굴들
잡힐 듯 멀리 손을 뻗으면
달아나듯 조각난 나의 꿈들만
두 갈래 길을 만난 듯
멍하니 한참을 바라보다
무언가 나를 이끌던
목소리에 한참을 돌아보면
지나온 모든 순간은 어린
슬픔만 간직한 채 커버렸구나
혼자서 잠들었을 그 밤도
아픔을 간직한 채
시간은 벌써 나를 키우고
세상 앞으로 이젠 나가 보라고
어제의 나는 내게 묻겠지
웃을 만큼 행복해진 것 같냐고
아직 허기진 소망이
가득 메워질 때까지
시간은 벌써 나를 키우고
세상 앞으로 이젠 나가 보라고
어제의 나는 내게 묻겠지
웃을 만큼 행복해진 것 같냐고
아주 먼 훗날 그때 그 아인
꿈꿔왔던 모든 걸 가진 거냐고"
I Love You,포지션(Position),"80,552","I love you 사랑한다는 이 말 밖에는 해줄 말이 없네요 
I love you 의미없는 말이 되었지만 사랑해요 

이제와서 무슨 소용 있겠어요 다신 볼 수 없는 이별인데
돌이킬 수 없는걸 잘 알고 있지만 
어떻게든 그댈 잡아 두고 싶은걸 우~ 우~ 우~ 

이 세상 아니라도 언젠가 우리 다시 만날텐데 
눈물 한 방울도 보여선 안되겠죠 
사랑에 빠지게 만들었던 미소로 날 떠나요 
그 미소 하나로 언제라도 그대를 찾아낼 수 있게

I love you 기억하나요 처음 그대에게 느낀 그 떨림 
I love you 오랜 후에서야 내게 해준 그대 그 한마디 

우리 사랑 안 될 거라 생각했죠 너무나도 아름다웠기에 
돌아서려 했었던 내 앞에 그대는 
꿈만 같은 사랑으로 다가왔었죠 우~ 우~ 우~

이 세상 아니라도 언젠가 우리 다시 만날텐데 
눈물 한 방울도 보여선 안되겠죠 
사랑에 빠지게 만들었던 미소로 날 떠나요 
그 미소 하나로 언제라도 그대를 찾아낼 수 있게 

언젠가 우리 다시 만나면 약속 하나만 해요 
이렇게 아프게 너무 쉽게 헤어질 사랑하진 마요"
Check Pattern,성진 (DAY6),418,"우린 어쩌면 서로 엇갈린
수많은 선들 위를 걷는 건 아닐까

너를 만난 건 우연이 맞닿은 것
그뿐이었단 생각을 하면
이별은 견딜만할지도

Life's like walking on a check pattern

수없이 반복된 만남과
헤어짐이라도
견딜 수 있어
결국 엇갈린 채 등 돌려
멀어진대도
나는 알 수 있어
언젠간 다시 마주한다는 걸

어쩌면 우린 다른 색을
담고 있어서, 서로에게 다가가지
못한 걸지도

Life's like walking on a check pattern

수없이 반복된 만남과
헤어짐이라도
견딜 수 있어
결국 엇갈린 채 등 돌려
멀어진대도
나는 알 수 있어
언젠가는 다시 마주한단 걸

쉽지 않다는 걸 알아
끝도 없이 기다릴 뿐
다음이 있다고
믿고 싶나 봐

수없이 반복될 만남과
헤어짐이라면
견딜 수 있어
다시 엇갈린 채 등 돌려
멀어진대도
나는 알 수 있어
언젠간 우린 마주하게 될 거야"
그랬나봐,김형중,"197,842","많은친구 모인밤 그 속에서 
늘있던 자리에 니가 가끔 보이지 않을때 
내가 좋아했던 너의 향길 맡으면 
혹시 니가 아닐까 고갤돌려 널 찾을때 
우연히 너의 동넬 지나갈때면 어느새 니얼굴 자꾸 떠오를때

그랬나봐 나 널 좋아하나봐 하루하루 니 생각만 나는걸
널 보고 싶다고 잘할 수 있다고 
용기내 전활걸고 싶었는데 그게 잘 안돼 바보처럼

우연히 너의 메일을 알게되면서 
모니터 앞에 널 밤새 기다릴때 

그랬나봐 나 널 좋아하나봐 하루하루 니 생각만 나는걸
널 보고 싶다고 잘할 수 있다고 
용기내 전활걸고 싶었는데 그게 잘 안돼 

말 하지못한 막막함을 너는 알고 있을까 
오랬동안 기다려온 사람 내앞에 숨쉬고 있는걸 

그랬나봐 나 널 좋아하나봐 하루하루 니 생각만 나는걸
널 보고 싶다고 잘할 수 있다고 
용기내 전활걸고 싶었는데 그게 잘 안돼 

넌 언제나 나를 꿈꾸게 하지 
지금보다 더 좋은 남자 되고싶다고
널 만나러 가는 이시간 난 연습해 
그토록 오랜시간 가슴속에 숨겨왔던말

사랑해.."
봄 내음보다 너를,김나영,"1,555","너의 이름을 부르면

뒤돌아 꼭 안아주던

따뜻했던 너의 향기 어떤 봄 내음보다 

여운이 길었던 너였어

아직 너를 너를 그리워해

여전히 넌 내 맘 깊은 곳에

너와 걷던 길목을 지나갈 때면

나는 고개를 떨구곤 해

비 오던 그 어느 날도

나보다 먼저 서있던

오래 기다렸다고 날 다그치지도

오히려 날 안아줬던 너

아직 너를 너를 그리워해

여전히 넌 내 맘 깊은 곳에

너와 걷던 길목을 지나갈 때면

나는 고개를 떨구곤 해

나의 모든 날에 넌 자연스럽게

처음부터 그 자리에 있던 것처럼

오래오래 간직할 거야

우리 함께했던 날 전부

우리 다시 다시 만나는 날

그땐 내가 먼저 달려갈게

표현하지 못했던 온 맘을 담아

너를 더 사랑할게 너를"
다시 한번 우리 이별할 수 있기를,신예영,55,"그때는 뭐가 그리 좋았었는지
네 생각에 또 어느새
잠겨있는 오늘
괜찮아질 거라고 되뇌어보지만
나도 모르게 네 소식을 기다려

잘가
두 글자에 우리 추억을 모두 묻은 채로
떠나가는 너를 잡지 못했던
내가 또 미워져

반짝이던 그 밤
당연했던 너의 온기
날 녹여주던 작은 미소 
하나까지 다 이렇게 선명한데

스쳐 가는 사람들 속에서
한 번쯤은 마주치길
그때라면 그저 담담하게
다시 한번 우리 이별할 수 있기를

잘가
두 글자에 우리 추억을 모두 묻은 채로
떠나가는 너를 잡지 못했던
내가 또 미워져

반짝이던 그 밤
당연했던 너의 온기
날 녹여주던 작은 미소 하나까지다
이렇게 선명한데

스쳐 가는 사람들 속에서
한 번쯤은 마주치길
그때라면 그저 담담하게
다시 한번 우리 이별할 수 있기를

나만큼 좋은 사람 만나라는 말
함께 걸었던 이 길을 나 혼자
걸어야 하나 봐

그날 돌아서는 너의 뒤로
다가가 잡았더라면 
너의 기억만 더욱더 선명해져

가끔씩은 내 생각에 문득
하염없이 잠겨있길
헛된 기대란 걸 알면서도
이것밖에 할 수가 없는데

반짝이던 그 밤 
당연했던 너의 온기
따뜻한 작은 미소 하나까지 다
이렇게 선명한데

스쳐 가는 사람들 속에서
한 번쯤은 마주치길
그때라면 그저 담담하게
다시 한번 우리 이별할 수 있기를"
온기,임영웅,"3,794","아무도 모를 거야 
말한 적 없을 테니
아이처럼 울고 싶은 순간들
어른이란 말은 참 그댈 힘들게 하죠
더 외롭게 만들어

힘겨운 걸음으로 먼 길을 걸었는데
가고 싶은 곳은 어디였는지
어둡고 깊은 곳에 웅크려 앉은 그댈
난 떠나지 않겠어요

아무리 먼 길을 떠났어도
아무리 긴 시간이 흘러도
이 길 끝에 떠오르는 태양을 만날 때까지
난 곁에 있겠어요

힘겨운 걸음으로 먼 길을 걸었는데
가고 싶은 곳은 어디였는지
세상이 지독하게 그댈 혼자 둘 때엔
단 하나만 기억해요

아무리 먼 길을 떠났어도
아무리 긴 시간이 흘러도
이 길 끝에 떠오르는 태양을 만날 때까지
난 곁에 있어요

(I will be with you) 혼자인 것 같아
(I can be your only one) 
그 어둠 속에 단 한 번의 용기, 
단 한 사람의 온기
(Wanna be Warm) 
그 작은 시작이 돼 줄 수 있어(in your life)                    

또다시 먼 길을 떠나도
한 번 더 긴 시간이 가도
이 길 끝에 떠오르는 태양을 만날 때까지
난 곁에 있겠어요
나 곁에 있어요"
이 사랑,다비치,"13,550","시간을 되돌리면 기억도 지워질까
해볼 수도 없는 말들을 내뱉는 걸 알아
널 힘들게 했고 눈물로 살게 했던
미안한 마음에 그런 거야
하지만 난 말야
너의 밖에선 살 수 없어
내겐 너 하나로 물든 
시간만이 흘러갈 뿐이야
사랑해요 고마워요 
따뜻하게 나를 안아줘
이 사랑 땜에 나는 살 수 있어
사랑은 그런가봐 무슨 말을 해봐도
채워지지 않은 것 같은 마음이 드나봐
내 욕심이라고 다시 생각을 해봐도
그 마음 쉽게 사라지지 않아
알잖아 난 말야
너의 밖에선 살 수 없어
내겐 너 하나로 
물든 시간만이 흘러갈 뿐이야
사랑해요 고마워요 
따뜻하게 나를 안아줘
이 사랑 땜에 나는 살 수 있어
돌아가도 다시 견딜 수 있을까
너무 힘들던 시간들
흔들리지 않은 너를 볼 때면
떨리는 내 입술이
두루루두루루
알잖아 난 말야
너의 밖에선 살 수 없어
내겐 너 하나로 
물든 시간만이 흘러갈 뿐이야
사랑해요 고마워요 
따뜻하게 나를 안아줘
이 사랑 땜에 나는 살 수 있어
사랑 땜에 나는 살 수 있어"
기억해줘요 내 모든 날과 그때를,거미,"7,406","듣고있나요 나의 이 모든 얘기를
그댈 향한 내 깊은 진심을
매일 그리움 속에 그대를 불러보지만
닿을 수 없는 마음을 나도 이젠 알 것 같아요
내 안의 그대를 놓을 수 없네요
애써도 그게 잘 안돼요
마음과 반대로 밀어내려 할수록
이토록 더 아파지네요
기억하나요 나의 이 모든 얘기를
그댈 향한 내 깊은 진심을
매일 그리움 속에 그대를 불러보지만
닿을 수 없는 마음을 나도 이젠 알 것 같아요
스쳐가는 이 계절을 지나
언젠가는 멀어질 걸 아니까
더 모질게 그댈 밀어냈어요 너무
가슴이 미칠 듯 아파도
듣고 있나요 나의 이 모든 얘기를
그댈 향한 내 깊은 진심을
매일 그리움 속에 그대를 불러보지만
닿을 수 없는 마음을 나도 이젠 알 것 같아요
아무 이유 없이 눈물 나는 날에는
그댈 찾아가고 있네요 이렇게
기억해줘요 내 모든 날과 그때를
지울수록 선명해지니까
가슴 아프겠지만 그대를 보내야 해요
나를 기억해주세요 나 그대만 사랑했음을"
선물,멜로망스(MeloMance),"27,779","빛이 들어오면 자연스레 뜨던 눈 
그렇게 너의 눈빛을 보곤
사랑에 눈을 떴어

항상 알고 있던 것들도 어딘가
새롭게 바뀐 것 같아
남의 얘기 같던 설레는 일들이
내게 일어나고 있어

나에게만 준비된 선물 같아
자그마한 모든 게 커져만 가
항상 평범했던 일상도
특별해지는 이 순간

별생각 없이 지나치던 것들이
이제는 마냥 내겐 예뻐 보이고
내 맘을 설레게 해

항상 어두웠던 것들도 어딘가
빛나고 있는 것 같아
남의 얘기 같던 설레는 일들이
내게 일어나고 있어

나에게만 준비된 선물 같아
자그마한 모든 게 커져만 가
항상 평범했던 일상도
특별해지는 이 순간

너를 알게 된 뒤 보이는
모든 것들이 너무 예뻐 보여
그렇게 신난 아이처럼
순수한 사람이 된 것 같아

나에게만 준비된 선물 같아
자그마한 모든 게 커져만 가
항상 평범했던 일상도
특별해지는 이 순간
깊은 사랑에 빠진 순간"
늦은 밤 너의 집 앞 골목길에서,노을,"9,048","오래되었어 그때 너의 웃음
너의 목소리 잊혀진거 같아
시간의 위로 그 말의 의미를 이젠 알아
아픈 니 얘기도 적당히 할 수 있어
그런데 이게 뭐랄까 난 난 술 한잔하면서
괜찮은 듯 얘기하며 널 털어냈는데
집으로 돌아오면서 한 번 더 떠오른 기억에
걸음을 멈춰 서서 이렇게 울고 있어
자연스럽게 발걸음을 돌려
나 바래다주던 익숙한 길을 가
밤이 깊어져서 아무것도 보이지 않아도
손을 흔들면서 인사하던 널 봤어
그런데 이게 뭐랄까 난 난 술 한잔하면서
괜찮은 듯 얘기하며 널 털어냈는데
집으로 돌아오면서 한 번 더 떠오른 기억에
걸음을 멈춰 서서 이렇게 울고 있어
아무도 없어서 참 다행이야
나 이렇게 편안히 너를 부를 수 있는 걸
외로운 위로겠지만
그래서 이젠 뭘 할까 난 난 널 생각했어도
괜찮은 듯 얘기하며 다 지워냈는데
집으로 돌아오면서 한 번 더 떠오른 추억에
걸음을 멈춰 서서 또다시 울고 있어"
12월 32일,별,"94,736","올해가 가기 전에 꼭 돌아온다고　　
걱정하지 말고 기다리면 된다고
기다렸던 만큼 우리 행복할거라고　　
조금 힘들어도 날 기다려 달라고

그래서 나는 웃으며 기다렸어　　
기다림은 오히려 즐겁게만 
느껴졌어
달력을 한 장씩 넘길 때마다　　
너의 모습이 보이는것 같아
하지만 올해가 다 가도록　　
마지막 달력을 넘기도록
너는 결국오질 않고　　
새해만 밝아서 기뻐하는 사람들 속에서
나만 울었어

내게 1월1일은 없다고　　
내 달력은 끝이 아니라고
32일이라고 33일이라고　　
니가 올 때까지 나에겐 아직
12월이라고

힘들걸 알지만 쉽지 않을걸 알지만　　
나의 말을 믿고 기다려 줄 수 있냐고
기달려 준다면 나는 곧 돌아온다고　　
그리고 영원히 너와 함께 할거라고

떨어지는 낙엽을 바라보며 
내 가슴은 조금씩 설레였고　　
첫눈이 아름답게 내리던 날 니가 
올 때가 됐다 생각했어

하지만 올해가 다가도록　　
마지막 달력을 넘기도록
너는 결국 오질 않고 　　
새해만 밝아서 

기뻐하는 사람들 속에서 나만 울었어　　
내게1월1일은 없다고 
내 달력은 끝이 아니라고 　　
32일이라고 33일이라고 
니가 올 때까지 　　
나에겐 아직 12월이라고
12월이라고~"
광화문에서 (At Gwanghwamun),규현 (KYUHYUN),"13,603","넌 어땠는지, 아직 여름이 남아
왠지 난 조금 지쳤던 하루
광화문 가로수 은행잎 물들 때
그제야 고갤 들었었나 봐

눈이 부시게 반짝이던 
우리 둘은 이미 남이 되었잖아
네 품 안에서 세상이 내 것이었던 
철없던 시절은 안녕

오늘 바보처럼 
그 자리에 서 있는 거야
비가 내리면 흠뻑 젖으며 
오지 않는 너를 기다려 
나는 행복했어
그 손 잡고 걷던 기억에 
또 뒤돌아 봐 네가 서 있을까 봐

난 모르겠어 세상 살아가는 게
늘 다른 누굴 찾는 일 인지     
커피 향 가득한 이 길 찾아오며
그제야 조금 웃었던 나야

처음이었어 
그토록 날 떨리게 한 사람은 
너뿐이잖아
누구보다 더 사랑스럽던 네가 
왜 내게서 떠나갔는지

오늘 바보처럼 
그 자리에 서 있는 거야
비가 내리면 흠뻑 젖으며 
오지 않는 너를 기다려 
나는 행복했어
그 손 잡고 걷던 기억에 
또 뒤돌아 봐 
네가 서 있을까 봐

그 자리에서 매일 알아가 
조금씩 변해가는 내 모습은 
먼 훗날엔 그저 웃어줘

난 행복해
오늘 여긴 그 때처럼 아름다우니

괜히 바보처럼 
이 자리에 서 있는 거야
비가 내리면 흠뻑 젖으며 
오지 않는 너를 기다려
나는 행복했어 (나는 행복해)
광화문 이 길을 다시 한번 뒤돌아 봐 
네가 서 있을까 봐"
팡파레,다비치,"2,862","코끝을 간지럽히는 살랑 부는 바람이
눈 감으면 어디든 네 곁에 데려가 주길
어느새 내 맘이 춤을 추네
한없이 예쁜 날이야
꿈꾸던 시간이 마치 오늘인 것만 같아
맘이 두근거리다 심장이 쿵 떨어져
후 살며시 네가 불어와
눈부신 하늘이 되어 다 물들어가요
유난히 달콤한 햇살 팡파레를 울려요
한껏 들뜬 발걸음으로 반겨줘요
따스한 그대의 품속으로
바쁘게 달려가 힘껏 안겨볼래요
시작될 거야 너와 내 이야기
샤라랄 라라랄 라라랄 꽃눈이 내려요
옷장 가득히 싱그러운 설렘이 하나둘
아껴 둔 마음 꺼내 입고서
널 만나러 가요
살며시 네가 불어와
눈부신 하늘이 되어 다 물들어가요
유난히 달콤한 햇살 팡파레를 울려요
한껏 들뜬 발걸음으로 반겨줘요
따스한 그대의 품속으로
바쁘게 달려가 힘껏 안겨볼래요
시작될 거야 너와 내 이야기
때론 빗방울 떨어져 잠시 우리 옷깃을 적셔
찡그린 날도 있겠지만
상상만 해도 찬란한 꿈을 꾸는 거야
하늘에 꽃눈이 내려 여기저기 날려요
머리가 어지러울 만큼 행복해요
웅크렸던 만큼
소중히 내가 지켜 갈게요
그대와 함께하는 사랑스런 날이야
유난히 달콤한 햇살 팡파레를 울려요
한껏 들뜬 발걸음으로 반겨줘요
따스한 그대의 품속으로
바쁘게 달려가 힘껏 안겨볼래요
시작될 거야 너와 내 이야기
샤라랄 라라랄 라라랄 꽃눈이 내려요"
그대가 내 안에 박혔다(그내박),순순희(기태),763,"한참을 하늘을 보고 걸어 갔어
내 지난 사랑은 온통 미련으로 가득한데
사랑이 있다는 말은 믿지 않아
그렇게 그렇게 그저 살아
사는 게 힘겨워서 버거워서 무너지고 싶던
그 날에 햇살처럼 그댄 내게 왔다
그대가 내 안에 박혔다
그대가 내 맘을 녹였다
그대가
나밖에 몰랐던 내가 사랑을 배워가고 있다
겨울같은 시간이 와도 꽃은 꺾지 않겠다
나 이제야 이제야 숨을 쉰다
너와
사는 게 힘겨워서 버거워서 무너지고 싶던
그 날에 햇살처럼 그댄 내게 왔다
그대가 내 안에 박혔다
그대가 내 맘을 녹였다
그대가
나밖에 몰랐던 내가 사랑을 배워가고 있다
겨울같은 시간이 와도 꽃은 꺾지 않겠다
나 이제야 이제야 숨을 쉰다
너와
한없이 춥기만 했던 어둡던 지난 밤들은
오늘을 위한 시련이었다
흩어진 내 맘이 길을 잃어도
아픈 시간이 와도
그대와 함께 걷겠다 내 전부를 걸겠다
그대와
그대가 내 안에 박혔다
그대가 내 맘을 녹였다
그대가
나밖에 몰랐던 내가 사랑을 배워가고 있다
겨울같은 시간이 와도 꽃은 꺾지 않겠다
나 이제야 이제야 꿈을 꾼다
너와"
Monologue,테이(Tei),"2,863","다 잊었다는 거짓말
또 해 버렸죠
내 마음에 그대란 사람
없다고 했죠
너무나 쉽게 잊혀졌다고
이젠 남이라고
서툰 내 사랑에 지쳐 떠난 그대
너무 많이 울려서
잡을 용기조차 낼 수 없었죠
미안해요 내 사랑아
다신 나 같은 사람 만나지 마요
혹시 찾아가도 두 번 다시
나를 허락해 주지 마요
그댄 여리고 너무 착해서
싫단 말도 잘 못하는데
많이 부족한 나를 사랑한 그대
이거면 됐어요 더 이상은
그대 불행하지 않도록
나 이쯤에서 없어지는 게
그댈 위한 나의 사랑인 걸요
너무 투명해서 때론 불안했죠
제멋대로 살아온 나를
감당할 수 없을 것 같죠
미안해요 내 사랑아
다신 나 같은 사람 만나지 마요
혹시 찾아가도 두 번 다시
나를 허락해 주지 마요
그댄 여리고 너무 착해서
싫단 말도 잘 못하는데
고마웠어요 나를 사랑해 줘서
나 같은 사람이 두 번 다시
감히 받을 수 없는 사랑
그대 때문에 행복했어요
울지 마요 그대
잘 생각해 봐요
나쁜 일들만 가득했던 우리
다 잊어야 해요
다신 나 같은 사람 만나지 마요
혹시 찾아가도 두 번 다시
나를 허락해 주지 마요
그댄 여리고 너무 착해서
싫단 말도 잘 못하는데
많이 부족한 나를 사랑한 그대
이거면 됐어요
더 이상은 그대 불행하지 않도록
나 이쯤에서 없어지는 게
그댈 위한 나의 사랑인 걸요"
나의 X에게,경서,"4,660","우리 다시 만날래
예쁘게 빛나던
모든 추억들이
너무 그리워
너의 품에 안길래
이 밤이 새도록
네게 말할 거야
너를 좋아한다고
안녕 그대야
요즘 어떻게 지내
가로수길 걷다가
생각이 나서
행복해 보이는 사람들 속에
우리 둘만 없어서
어색했었어
늘 집에 갈 땐
항상 뒤돌아보면
날 보며 웃어주던
네가 생각났어
우리 다시 만날래
예쁘게 빛나던
모든 추억들이
너무 그리워
너의 품에 안길래
이 밤이 새도록
네게 말할 거야
너를 좋아한다고
토요일마다 가던
한강공원에
이어폰 하나씩
나눠끼고서
벚꽃엔딩같이 듣고 있으면
부러울 게 없었어
너만 있으면
널 사랑할 때
내가 너무 그리워
날 보며 웃어주던
네가 보고 싶어
우리 다시 만날래
예쁘게 빛나던
모든 추억들이
너무 그리워
너의 품에 안길래
이 밤이 새도록
네게 말할 거야
너를 좋아한다고
같이 별 보러 갈래
널 다시 만나면
네 옆에 기대서
잠들고 싶어
너의 품에 안길래
이 밤이 새도록
내 곁에 있어줘
내겐 너뿐이라고"
내가 널 지켜줄게,"폴킴(Paul Kim)
											CONNECT 아티스트",123,"나의 맘이 어느새 또다시
네가 있는 곳을 향해 걸어가고 있어
숨길 수 없는 너를 향한 나의 마음
멈출 수 없는 널 향한 발걸음

내가 널 지켜줄게
어떤 순간이 와도
어떤 세상에도
그저 네 곁에서 나
난 널 위해
모든 시간 속에 함께할게
내 맘에 소중히 새겨놓은
니 모습 너의 향기
기억할 수 있는 것
이 모든건 너를 향한 길이었으니까

무뎌진 채로 메말라있던 내 맘에
스며들어와 숨 쉴 수있어서

내가 널 지켜줄게
어떤 순간이 와도
어떤 세상에도
그저 네 곁에서 나
난 널 위해
모든 시간 속에 함께할게
내 맘에 소중히 새겨놓은
니 모습 너의 향기
기억할 수 있는 것
이 모든건 너를 향한 길이었으니까

시리고 차갑던 너의 지나온 날들
감싸줄게 너의 손을 잡고 
절대 놓치지 않을 거야

내가 널 지켜줄게
어떤 순간이 와도
어떤 세상에도
그저 네 곁에서 나
난 널 위해
모든 시간 속에 함께할게
이제는 네가 없는 세상에
살아 숨 쉴 수 없어
내가 가진 모든 걸 다 잃어도
사라져도 너의 곁에 머물고 싶다고"
Harrington,손아영,1,"봄바람에 실려온 꽃향기가
따스한 햇살 아래 행복했던 우릴 감싸네
왠지 모르게 쓸쓸해진 이 거리는
나만 멈춰버린 시간 속에 왜

흩날리는 꽃잎처럼 지나간 우리
사랑 노래처럼 아름다웠던 추억들은

이젠 흐릿한 기억만 남아
가슴 한켠에 빈자리를 남겨
어디선가 너의 향기가 나를 스치고
돌아보니 텅 빈 거리만 남아

함께 걸었던 이 거리
나만 홀로 남겨진 이 길
사랑했던 너의 모습은
아련한 기억으로
흩날리는 꽃잎처럼 지나간 우리
사랑 노래처럼 아름다웠던 추억들은

이젠 흐릿한 기억만 남아
가슴 한켠에 빈자리를 남겨
어디선가 너의 향기가 나를 스치고
돌아보니 텅 빈 거리만 남아

함께 걸었던 이 거리
나만 홀로 남겨진
이 길 사랑했던 너의 모습은
아련한 기억으로
흩날리는 꽃잎처럼 지나간 우리
사랑 노래처럼 아름다웠던 추억들은

이젠 흐릿한 기억만 남아
가슴 한켠에 빈자리를 남겨
어디선가 너의 향기가 나를 스치고
돌아보니 텅 빈 거리만 남아"
그 와중에,이영현,16,"움직여야 해 뭐라도 해야 해
그래야만 해 바쁘게 살아야 해
가만있으면 가만히 있으면
볼 수 없는 그대가 보고 싶기 때문에

미뤄왔던 면허시험도 보고
운동도 하고 기대면 잠이 들 만큼
일에만 매달려도

그 와중에 또 그 와중에
그 틈 사이로 그대가 또 나를 찾아와
그대 손에 끌려 함께 걸었던
그 거리에 혼자 서있다
움츠린 목소리로 불러본다
바쁘게 지내도 그대 생각이나 그 와중에

게을러지면 게으름 피우면
볼 수 없는 그대가 떠오르기 때문에

평소에 꼭 갖고 싶던 옷을 사고
친구를 만나 난 너무 행복하다고
말하고 있었는데

그 와중에 또 그 와중에
그 틈 사이로 그대가 또 나를 찾아와
그대 손에 끌려 함께 걸었던
그 거리에 혼자 서있다
정말 행복하냐고 물어본다

떠나보내야 하지만
떠나 주는 게 맞지만
떠날 수 없어 아쉬움만 남아

그 와중에 또 그 와중에
그댈 보냈던 계절은 더 가까워지고
얼어붙은 겨울도 따듯했었고
그대라서 행복했었던
그 겨울이 다시 올 수 있을까

바쁘게 지내도 그대 생각이나 그 와중에"
안녕,"폴킴(Paul Kim)
											CONNECT 아티스트","9,569","안녕이라는 말을해
짧은 시간을 뒤로 한 채로
여전히 아프겠지만
하룻밤 자고 나면 사라지는 꿈처럼
너를 Oh 잊게 될까 두려워져
무심히 널 떠올리게 되면
불안해지는 맘 어떻게 해야 하니
안녕 이제는 안녕
이 말 도저히 할 수가 없어
너로 가득 찬 내 마음
겨우 내가 할 수 있는 일
너를 사랑하는 거
다시 널 만날 수 있길
아주 오래전부터 정해진 연일지도
너밖에 모를 내가 되었던 그때가
두려워져 널 안고 있으면
자꾸 욕심이나 어쩔 수 없는걸
안녕 이제는 안녕
이 말 도저히 할 수가 없어
너로 가득 찬 내 마음
겨우 내가 할 수 있는 일
너를 사랑하는 거
다시 널 만날 수 있길
굳게 닫힌 저 문이 열리면
그때는 널 다시 볼 수 있을까
잠시 스치듯 만나
운명처럼 날 꽃 피우게 해
매일 널 꿈꾸겠지만
가득 채울 그리움만큼
바라는 건 단 하나
계속 내 곁에 있어줘"
바람처럼 날아서,벤,23,"동그란 달빛이 어느새 
눈썹달이 되었죠 

그대 그 마음도 
달을 닮아 
변한 건 아니겠죠 

혼자 남아 
그댈 그려봤다가 
지워 봤다가 
울컥 눈물 나요 

못 오시면 차라리 
내게 오라 하세요 
소원을 말해주면 

훨훨 훨훨 
날아갈게요 
저 그리움 따라 
그대 잠든 곳에 
같은 하늘 그 어디라도 
갈게요 
바람처럼 날아서 

꿈속에선 
왜 그렇게 다정히 
안아 줬나요   
깨면 아파와요 

혹시 그대 날 찾는 
길을 잃은 건가요 
내 이름 불러주면 

훨훨 훨훨 
날아갈게요 
저 그리움 따라 
그대 잠든 곳에 
같은 하늘 그 어디라도 
갈게요 
바람처럼 날아서  

연못에 비친 얼굴
또르르 눈물 한 방울 
툭 떨어져 물결이 
일렁이네요  
흔들린 세상처럼  

사뿐사뿐 
구름을 밟고
저 반짝이는 
별 바다를 건너가면 
길을 잃은 그대 있을까 
마중 가요  
바람처럼 날아서"
나에게 그대만이,탑현,"1,181","더 이상 나에게
다른 사랑은 없다는 걸
이제 나는 알아요
나에게 사랑은
항상 하나뿐이었다고
나의 사랑은 그대 단 한 사람
나에겐 오직 한 사람 세상
누구보다 내게 소중한 사람
널 사랑해 널 사랑해
이 말 너에게만 하고 싶어
네가 없이 난 살수 없어서 사랑
하나로만 살아가는 나에게
내 마지막 그날까지 사랑으로
남아주길 바라 그대만이
오늘이 지나면 다시
볼 수 없을 것 같아
그대 울지 말아요
시간이 지나서
우리 하나 되는 그날에
나와 함께할 그대 단 한 사람
나에겐 오직 한 사람 세상
누구보다 내게 소중한 사람
널 사랑해 널 사랑해
이 말 너에게만 하고 싶어
네가 없이 난 살수 없어서
사랑 하나로만 살아가는 나에게
내 마지막 그날까지 사랑으로
남아주길 바라 그대만이
소중한 너를 위해서
내게 남아있는 미련 모두 버려도
내 사랑은 내 사랑은
아직 너 하나만 원하는데
영원히 너를 지켜준다는 약속
하나로만 살아가는 나에게
내 사랑은 단 한 사람 다시
태어나도 그대만을 사랑할게"
그런 사람 또 없습니다,이승철,"99,543","천번이고 다시 태어난대도
그런 사람 또 없을테죠 음
슬픈 내 삶을 따뜻하게 해줄
참 고마운 사람입니다
그런 그대를 위해서 나의 심장쯤이야
얼마든 아파도 좋은데
사랑이란 그 말은 못해도
먼곳에서 이렇게
바라만 보아도 모든걸 줄수 있어서
사랑할수 있어서
난 슬퍼도 행복합니다
나 태어나 처음 가슴 떨리는
이런 사랑 또 없을테죠
몰래 감춰둔 오랜 기억속에
단 하나의 사랑입니다
그런 그대를 위해서 아픈 눈물쯤이야
얼마든 참을수 있는데
사랑이란 그 말은 못해도
먼곳에서 이렇게
바라만 보아도 모든걸 줄수 있어서
사랑할수 있어서
난 슬퍼도 행복합니다
아무것도 바라지 않아도
그대 웃어준다면 난 행복할텐데
사랑은 주는거니까 그저 주는거니까
난 슬퍼도 행복합니다"
Test me,Paul Blanco,35,"don't know who I am when I am with u
몰라 이런 난 나조차도
너를 바라보는 내 모습
참 어려운 감정인 듯

왠지 모를 이상한 기분
떨림보단 설렘 같은
너의 눈을 마주칠 때쯤
알게 됐어 내 마음을

Feels like something is changing between us
갑작스럽겠지만

So just test me 나의 마음을
말해 줄게 널 향한 내 진심을
그래 언제든지 just tell me
그 무엇이든 난 할 수 있어

Test me 나의 마음을
말해 줄게 언제 어디가 되었든
지금 나의 마음이 
온전히 너를 향하고 있어

Test me
If u feel it like I do

Test me 
If u feel it like I do

There's no one like you 나에게는
어떤 것보다 아름다운
무엇과도 바꿀 수 없는
우리 함께인 시간들

대체 뭘까 지금 이 기분
떨림보단 설렘 같은
너의 눈을 마주칠 때쯤
알게 됐어 내 마음을

Feels like something is changing between us
갑작스럽겠지만

So just test me 나의 마음을
말해 줄게 널 향한 내 진심을
그래 언제든지 just tell me
그 무엇이든 난 할 수 있어

Test me 나의 마음을
말해 줄게 언제 어디가 되었든
지금 나의 마음이 마음이
온전히 너를 향하고 있어

Test me
If u feel it like I do

Test me 
If u feel it like I do"
가시,버즈,"73,084","너 없는 지금도 눈부신 하늘과 눈부시게 웃는 사람들
나의 헤어짐을 모르는 세상은 슬프도록 그대로인데

시간마저 데려가지 못하게 나만은 널 보내지 못했나봐
가시처럼 깊게 박힌 기억은 아파도 아픈줄 모르고

그대 기억이 지난 사랑이 
내 안을 파고드는 가시가 되어
제발 가라고 아주 가라고 애써도 나를 괴롭히는데

아픈만큼 너를 잊게 된다면 차라리 앓고 나면 그만인데
가시처럼 깊게 박힌 기억은 아파도 아픈줄 모르고

그대 기억이 지난 사랑이 
내 안을 파고드는 가시가 되어
제발 가라고 아주 가라고 애써도 나를 괴롭히는데

너무 사랑했던 나를, 크게 두려웠던 나를
미치도록 너를 그리워했던 날 이제는 놓아줘

보이지 않아 내 안에 숨어 
잊으려 하면 할수록 더 아파와
제발 가라고 아주 가라고 애써도 나를 괴롭히는데"
사랑은 언제나 걸음이 느려서,허각,59,"미안해요 이제야 알게 됐죠
그대의 사랑이 내게 어떤 의미였는지
나의 부족한 행동들까지
모두 끝난 후에 알게 됐어요

뒤늦게 그대 뒤를 쫓아가 봐도
닿을 수 없는 거리만큼 멀어져 가죠
손을 뻗어봐도  잡히는 건 오직 
때늦은 그댈 향한 아픈 후회뿐이죠

사랑은 언제나 걸음이 느려서
모든 게 끝난 후 다시 미련이 돼서 오죠
조금만 빨리 내게로  
와서 알려줬다면  
그대를 힘들게 하지 않았을 텐데
미안해요

얼마나 못난 사랑을 했던 걸까요
남은 게 그댈 향한 미안함뿐이죠
그래서 나를 떠난 그대가 모두 이해가 돼요
전부 내 탓인 걸요

사랑은 언제나 걸음이 느려서
모든 게 끝난 후 다시 미련이 돼서 오죠
조금만 빨리 내게로  
와서 알려줬다면  
그대를 힘들게 하지 않았을 텐데
미안해요

이별이 남기고 떠난 우리의 빈자릴
무엇으로도 채울 수가 없죠 
소중한 기억들 모두 하나둘 멀어져 가죠
너무 늦은 내게 남은 건
전하지 못할 그리움뿐이죠

사랑은 언제나 걸음이 느려서
모든 게 끝난 후 다시 미련이 돼서 오죠
시간은 내게 한 번의 기회도 주지 않고
계속 서둘러 가네요 
잡을 수 없이 멀리 떠나네요"
널 사랑하지 않아,어반자카파,"22,849","무슨 말을 할까 
어디서부터 어떻게
고개만 떨구는 나 
그런 날 바라보는 너 
그 어색한 침묵 

널 사랑하지 않아 
너도 알고 있겠지만 
눈물 흘리는 너의 모습에도 내 마음 
아프지가 않아 

널 사랑하지 않아 
다른 이유는 없어 
미안하다는 말도 
용서해 달란 말도 
하고 싶지 않아 

그냥 그게 전부야 
이게 내 진심인거야
널 사랑하지 않아 
널 사랑하지 않아 

널 사랑하지 않아 
너도 알고 있겠지만 
눈물 흘리는 너의 모습에도 내 마음 
아프지가 않아

널 사랑하지 않아 
다른 이유는 없어 
미안하다는 말도 
용서해 달란 말도 하고 싶지 않아 

그냥 그게 전부야 
이게 내 진심인거야 
널 사랑하지 않아 
널 사랑하지 않아 

널 사랑하지 않아 
다른 이유는 없어 
미안하다는 말도 
용서해 달란 말도 
하고 싶지 않아 

그냥 그게 전부야 
이게 내 진심인거야 
널 사랑하지 않아 
널 사랑하지 않아"
어디에도,엠씨더맥스 (M.C the MAX),"16,409","차가워진 눈빛을 바라보며 
이별의 말을 전해 들어요
아무 의미 없던 노래 가사가 
아프게 귓가에 맴돌아요

다시 겨울이 시작되듯이 
흩어지는 눈 사이로
그대 내 맘에 쌓여만 가네

떠나지 말라는 
그런 말도 하지 못하고
고개를 떨구던 뒷모습만

그대 내게 오지 말아요 
두 번 다시 이런 사랑하지 마요
그댈 추억하기보단 기다리는 게 
부서진 내 맘이 더 아파 와
다시 누군가를 만나서 
결국 우리 사랑 지워내도
행복했던 것만 기억에 남아 
나를 천천히 잊어주기를

아무것도 마음대로 안 돼요 
아픔은 그저 나를 따라와
밤새도록 커져 버린 그리움 
언제쯤 익숙해져 가나요

많은 날들이 떠오르네요 
우리가 나눴던 날들
애써 감추고 돌아서네요

떠나지 말라는 
그런 말도 하지 못하고
고개를 떨구던 뒷모습만

그대 내게 오지 말아요 
두 번 다시 이런 사랑하지 마요
그댈 추억하기보단 기다리는 게 
부서진 내 맘이 더 아파 와
다시 누군가를 만나서 
결국 우리 사랑 지워내도
행복했던 것만 기억에 남아 
나를 천천히 잊어주기를

부를 수도 없이 멀어진 그대가
지나치는 바람에도 목이 메어와 
어디에도 그대가 살아서
우린 사랑하면 안 돼요 
다가갈수록 미워지니까
행복했던 것만 기억에 남아 
나를 천천히 잊어가기를

사랑했던"
헌정연서,윈터 (WINTER),130,"달과 같은 님
어여쁘신 님이여 
나 그댈 소망합니다
     
하늘 같은 님 
끝이 없는 품 안에        
날아보고 싶어요

기다리는 이 마음엔 
걸쇠조차 채울 수 없어  
애써 가둔 맘 조차 임을 찾아요  
그대 품 안으로 거두어 줘요

가눌 길 없이 내달린, 
이미 내 것이 아닌 마음은
소매조차 없어서 잡을 길 없죠
그대 품 안에서 살게 해줘요  

바다 같은 님
베어낸 이 맘 한 조각 
띄워보고 싶어요

하루만을 살아도 바라봅니다
그대 품 안에서 살게 해줘요 
그대 사람으로 살게 해줘요

별과 같은 님
빛에 취해서  
나 그댈 따라갑니다 

바다 같은 님
한이 없는 품 안에  
꼭 안겨보고 싶어요

기다리는 이 마음엔
걸쇠조차 채울 수 없어  
애써 가둔 맘 조차 임을 찾아요 
그대 품 안으로 거두어 줘요

하루만을 살아도 바라봅니다
그대 품 안에서 살게 해줘요 
그대 사람으로 살게 해줘요"
산책,성시경,570,"별일 없니 햇살 좋은 날엔
둘이서 걷던 이 길을 걷곤 해
혹시라도 아픈 건 아닌지
아직도 혼자일지 궁금해
나 없이도 행복한 거라면
아주 조금은 서운한 맘인걸
눈이 부신 저 하늘 아래도 여전히
바보 같은 난 온통 너의 생각뿐인데
사랑이라는 거 참 우스워
지우려 한 만큼 보고 싶어져
처음부터 내겐 어려운 일인 걸
다 잊겠다던 약속
지킬 수 없는걸 forever
깨어나면 니 생각뿐인데
지난 시간들 어떻게 지우니
아무래도 난 모진 사람이 못되나 봐
늘 이렇게 널 기대하며 살아가겠지
사랑이라는 거 참 우스워
지우려 한 만큼 보고 싶어져
처음부터 내겐 어려운 일인 걸
다 잊겠다던 약속
눈에서 멀어지면 잊혀진다는 말
아니잖아 내 안의 넌 커져만 가는데
이것만 기억해 줄 수 있겠니
힘겨운 날이면 이 길을 걸으며
기억 속에 사는 내가 있단 걸
사랑이라는 거 참 우스워
지우려 한 만큼 보고 싶어져
처음부터 내겐 어려운 일인 걸
다 잊겠다던 약속
오늘도 이 길을 거닐어"
좋아해.. (바른연애 길잡이 X 죠지),죠지,"2,960","용기 내어보려 노력했는데
왜 네 앞에서는 다 어색해지고
꽤 자연스럽던 내 인사마저도
마음대로 되지가 않아
그저 웃어주는 널 바라보면
아무 이유 없이 행복해져
늘 서툴렀었던 내 못난 표현에도
따뜻하게 안아주었어
널 좋아한다 말하고 집에 돌아가는 길에
너의 얼굴이 자꾸 떠올라
나도 몰래 설레였어
누구보다 널 위해 많이 노력하고 있어
뒤돌아보면 언제나 그랬듯 서있을 거야
우리 잠시라도 마주칠 때면
괜히 너의 눈을 피하게 돼
잘 몰랐었던 너의 작은 오해에도
하루 종일 고민했었어
널 좋아한다 말하고 집에 돌아가는 길에
너의 얼굴이 자꾸 떠올라
나도 몰래 설레였어
누구보다 널 위해 많이 노력하고 있어
뒤돌아보면 언제나 그랬듯 서있을 거야
아마도 많이 달라졌었겠지
네가 없었다면 나는 지금 어땠을까
우리 조금 달랐을까
좋아한다 말하고 집에 돌아가는 길에
너의 얼굴이 자꾸 떠올라
나도 몰래 설레였어
누구보다 널 위해 많이 노력하고 있어
뒤돌아보면 언제나 그랬듯 서있을 거야"
